State	p_0_k_original_tweets (L)	p_0_k_original_tweets (R)	p_1_k_original_tweets (L)	p_1_k_original_tweets (R)	p_2_k_original_tweets (L)	p_2_k_original_tweets (R)	p_0_k_retweets (L)	p_0_k_retweets (R)	p_1_k_retweets (L)	p_1_k_retweets (R)	p_2_k_retweets (L)	p_2_k_retweets (R)	p_0_k_quoted_tweets (L)	p_0_k_quoted_tweets (R)	p_1_k_quoted_tweets (L)	p_1_k_quoted_tweets (R)	p_2_k_quoted_tweets (L)	p_2_k_quoted_tweets (R)	p_0_k_replies (L)	p_0_k_replies (R)	p_1_k_replies (L)	p_1_k_replies (R)	p_2_k_replies (L)	p_2_k_replies (R)	p_0_k_total_tweets (L)	p_0_k_total_tweets (R)	p_1_k_total_tweets (L)	p_1_k_total_tweets (R)	p_2_k_total_tweets (L)	p_2_k_total_tweets (R)	p_0_k_users (L)	p_0_k_users (R)	p_1_k_users (L)	p_1_k_users (R)	p_2_k_users (L)	p_2_k_users (R)	#users_1_k (L)	#users_1_k (R)	#users_2_k (L)	#users_2_k (R)	#users_all_k (L)	#users_all_k (R)	p_0_k_virality_original (L)	p_0_k_virality_original (R)	p_1_k_virality_original (L)	p_1_k_virality_original (R)	p_2_k_virality_original (L)	p_2_k_virality_original (R)	p_0_k_virality_retweet (L)	p_0_k_virality_retweet (R)	p_1_k_virality_retweet (L)	p_1_k_virality_retweet (R)	p_2_k_virality_retweet (L)	p_2_k_virality_retweet (R)	p_0_k_virality_quoted (L)	p_0_k_virality_quoted (R)	p_1_k_virality_quoted (L)	p_1_k_virality_quoted (R)	p_2_k_virality_quoted (L)	p_2_k_virality_quoted (R)	p_0_k_virality_reply (L)	p_0_k_virality_reply (R)	p_1_k_virality_reply (L)	p_1_k_virality_reply (R)	p_2_k_virality_reply (L)	p_2_k_virality_reply (R)	p_0_k_virality_total (L)	p_0_k_virality_total (R)	p_1_k_virality_total (L)	p_1_k_virality_total (R)	p_2_k_virality_total (L)	p_2_k_virality_total (R)
AK	6.857142857142857	0.0	0.8571428571428571	0.0	0.125	0.875	nan	0.0	1.0	0.0	0.0	0.9473684210526315	nan	0.0	1.0	0.0	0.0	1.0	nan	nan	nan	nan	0.0	1.0	28.333333333333332	0.0	0.9444444444444444	0.0	0.03333333333333333	0.9333333333333333	20.625	0.0	0.9375	0.0	0.045454545454545456	0.9090909090909091	15	0	1	20	16	20	1.781709552036806	0.0	0.7981293675881918	0.0	0.44795705712852585	0.552042942871474	nan	0.0	1.0	0.0	0.0	0.692980423890881	nan	0.0	1.0	0.0	0.0	1.0	nan	nan	nan	nan	0.0	1.0	2.5865278415734494	0.0	0.8612251166930902	0.0	0.33296572449387807	0.5904632109897942
AL	nan	0.07733333333333334	0.7333333333333333	0.06666666666666667	0.0	0.8620689655172413	70.0	0.0684931506849315	0.9333333333333333	0.06666666666666667	0.013333333333333334	0.9733333333333334	nan	0.0	1.0	0.0	0.0	0.75	2.0	nan	1.0	0.0	0.5	0.0	48.36363636363637	0.06643356643356643	0.8484848484848485	0.06060606060606061	0.017543859649122806	0.9122807017543859	37.5	0.075	0.8333333333333334	0.06666666666666667	0.022222222222222223	0.8888888888888888	25	2	2	80	27	82	nan	0.049166077377272285	0.6443263271545602	0.04668477525990158	0.0	0.9495322334069766	4.108140165729592	0.0	1.0	0.0	0.2434191531102258	0.7534987794209579	nan	0.0	1.0	0.0	0.0	0.047993394089275554	nan	nan	nan	nan	0.6474820184270382	0.0	3.3698726934874363	0.06343019446443396	0.7463978563875585	0.03328713926240186	0.2214914105894966	0.5247838122436522
AR	6.5	0.18840579710144928	0.5	0.16666666666666666	0.07692307692307693	0.8846153846153846	nan	0.0	1.0	0.0	0.0	0.9375	nan	0.0	1.0	0.0	0.0	1.0	nan	nan	0.0	1.0	nan	nan	26.04	0.08701754385964913	0.84	0.08	0.03225806451612903	0.9193548387096774	18.17391304347826	0.09810479375696766	0.8260869565217391	0.08695652173913043	0.045454545454545456	0.8863636363636364	19	2	2	39	21	41	6.208176034053146	0.10809526681674315	0.3343913534373782	0.10049057414232831	0.053863059230790426	0.9296482362423205	nan	0.0	1.0	0.0	0.0	0.8414948715475952	nan	0.0	1.0	0.0	0.0	1.0	nan	nan	0.0	1.0	nan	nan	17.936442418163697	0.09764997453094426	0.6484922395648052	0.08804911439458814	0.036155009139833466	0.9016808741377222
AZ	16.47058823529412	0.03361344537815126	0.6176470588235294	0.029411764705882353	0.0375	0.875	63.46153846153846	0.0	0.8461538461538461	0.0	0.013333333333333334	0.9333333333333333	nan	0.16666666666666666	0.8333333333333334	0.16666666666666666	0.0	1.0	nan	0.0	0.6666666666666666	0.0	0.0	0.8	37.591578947368426	0.02300023185717598	0.7578947368421053	0.021052631578947368	0.020161290322580645	0.9153225806451613	25.871604938271606	0.02781893004115226	0.7654320987654321	0.024691358024691357	0.029585798816568046	0.8875739644970414	62	2	5	150	67	152	7.358484119243974	0.09877281409141801	0.6254545637823258	0.07924448038532082	0.08499774595512564	0.8022903985703701	156.26888965132298	0.0	0.7937322130051877	0.0	0.005079272110886646	0.9385858532943091	nan	0.5393889462030546	0.4606110537969455	0.5393889462030546	0.0	1.0	nan	0.0	1.0	0.0	0.0	0.4475100720033919	12.859982155937216	0.07204859866933941	0.6830588910160591	0.06016811484251555	0.053115073001925084	0.8351045815429627
CA	9.732328482328482	0.025428654460912525	0.722972972972973	0.02027027027027027	0.07428571428571429	0.7971428571428572	26.074301034086556	0.005845787724833242	0.9249329758713136	0.005361930294906166	0.03547297297297297	0.9172297297297297	15.950000000000001	0.0375	0.87	0.03	0.05454545454545454	0.8	nan	0.0	0.6875	0.0	0.0	0.9714285714285714	17.212883895131085	0.015746982937994175	0.8339575530586767	0.01373283395755306	0.04844961240310078	0.872093023255814	14.324298493768637	0.020792860611947548	0.8573667711598746	0.017241379310344827	0.059854014598540145	0.8291970802919708	547	11	41	568	588	579	7.19306085356554	0.044345171667425444	0.703760800684079	0.03273415914333317	0.09783884983195028	0.7381673790515202	14.654147724255889	0.007822434103435104	0.9043848972367655	0.006933930927132915	0.061715284590710545	0.886416022870424	6.269367784140976	0.04500214950328094	0.8772270039622412	0.03296763540618435	0.13992272174257808	0.7325791272210409	nan	0.0	0.9346225282913722	0.0	0.0	1.0	9.526975948181	0.030278257342542286	0.7757334183079485	0.024497529576109317	0.08142493720224626	0.8090799050607582
CO	20.34375	0.11862244897959184	0.65625	0.09375	0.03225806451612903	0.7903225806451613	52.83783783783784	0.0	0.918918918918919	0.0	0.017391304347826087	0.9391304347826087	8.0	0.0	1.0	0.0	0.125	0.875	nan	0.0	1.0	0.0	0.0	1.0	30.85128205128205	0.04329801934592354	0.8205128205128205	0.038461538461538464	0.026595744680851064	0.8882978723404256	18.265753424657536	0.04888248017303533	0.8082191780821918	0.0410958904109589	0.04424778761061947	0.8407079646017699	59	3	5	95	64	98	8.447289658912382	0.2569815043584403	0.6277756611024964	0.16470597982458235	0.0743168147951641	0.6409254247140247	23.437632345190035	0.0	0.90082771397772	0.0	0.03843509876383019	0.9360140700675142	43.36401333517389	0.0	1.0	0.0	0.023060596173852508	0.9769394038261476	nan	0.0	1.0	0.0	0.0	1.0	13.373886810349058	0.13644821388000555	0.7243631274300494	0.10775030208501715	0.05416249873369038	0.7896790952483574
CT	6.561403508771931	0.0	0.8947368421052632	0.0	0.13636363636363635	0.8636363636363636	nan	0.0	0.9130434782608695	0.0	0.0	1.0	nan	0.0	0.8333333333333334	0.0	0.0	1.0	2.5	0.0	1.0	0.0	0.4	0.6	11.52	0.0	0.9	0.0	0.078125	0.921875	18.11627906976744	0.0	0.8837209302325582	0.0	0.04878048780487805	0.9512195121951219	38	0	2	39	40	39	18.665587103203066	0.0	0.928931305544849	0.0	0.049767055298541446	0.9502329447014586	nan	0.0	0.9792944224885182	0.0	0.0	1.0	nan	0.0	0.5065811947833887	0.0	0.0	1.0	nan	nan	1.0	0.0	nan	nan	29.189295956115604	0.0	0.9196079261582506	0.0	0.031504971121634015	0.9684950288783659
DC	5.155172413793103	0.13448275862068965	0.7931034482758621	0.10344827586206896	0.15384615384615385	0.7692307692307693	35.1219512195122	0.02582496413199426	0.975609756097561	0.024390243902439025	0.027777777777777776	0.9444444444444444	3.857142857142857	0.10714285714285714	0.8571428571428571	0.07142857142857142	0.2222222222222222	0.6666666666666666	nan	0.0	1.0	0.0	0.0	1.0	9.465116279069766	0.06829088224437062	0.8953488372093024	0.05813953488372093	0.0945945945945946	0.8513513513513513	6.399613899613899	0.08614864864864866	0.8783783783783784	0.06756756756756757	0.13725490196078433	0.7843137254901961	65	5	7	40	72	45	2.141403437518714	0.09587417474127986	0.7915234445130738	0.05814685994491634	0.36962836177671754	0.6064913737388392	17.27483350240312	0.004836442580635706	0.9954650817551819	0.004534918244818062	0.05762516215375978	0.9376557602430977	42.07356986367228	0.0	1.0	0.0	0.02376789046520707	0.752309934003333	nan	0.0	1.0	0.0	0.0	1.0	3.405805284781552	0.04631448411797005	0.8874949860393538	0.032704103942953276	0.26058300807888896	0.7061312366051824
DE	nan	1.25	0.0	1.0	0.0	0.8	nan	0.0	1.0	0.0	0.0	1.0	nan	nan	1.0	0.0	nan	nan	nan	nan	nan	nan	nan	nan	nan	0.21666666666666667	0.8	0.2	0.0	0.9230769230769231	nan	0.22500000000000003	0.8	0.2	0.0	0.8888888888888888	4	1	0	8	4	9	nan	2.0307043380425647	0.0	1.0	0.0	0.49243997822150687	nan	0.0	1.0	0.0	0.0	1.0	nan	nan	1.0	0.0	nan	nan	nan	nan	nan	nan	nan	nan	nan	0.35359946648594015	0.7840493289999353	0.21595067100006468	0.0	0.6107211448766463
FL	14.875350140056023	0.022953257132236782	0.8431372549019608	0.0196078431372549	0.05668016194331984	0.854251012145749	75.14601769911503	0.01830374319793327	0.9026548672566371	0.017699115044247787	0.012012012012012012	0.9669669669669669	19.63636363636364	0.0	0.8181818181818182	0.0	0.041666666666666664	0.9583333333333334	8.0	0.0	1.0	0.0	0.125	0.875	25.80124223602484	0.01891685736079329	0.8739130434782608	0.017391304347826087	0.03387096774193549	0.9193548387096774	30.759469696969695	0.024897213339424396	0.8465909090909091	0.022727272727272728	0.027522935779816515	0.9128440366972477	149	4	12	398	161	402	13.352389590252065	0.022557414057215754	0.8564159933279701	0.018184350527932037	0.06413953004735558	0.8061363098539726	68.26334114652359	0.002402800619168469	0.9226551526164988	0.0023610156957870883	0.013516114756763358	0.9826099081846245	nan	0.0	0.9410183663899152	0.0	0.0	1.0	5.408757539036996	0.0	1.0	0.0	0.18488534432956766	0.8151146556704324	18.843392093733193	0.0162701391251984	0.8732258011882931	0.014342832280662587	0.046341221200757406	0.881543308898269
GA	5.170833333333333	0.04269005847953216	0.5666666666666667	0.03333333333333333	0.1095890410958904	0.7808219178082192	45.98214285714286	0.03955453149001536	0.8928571428571429	0.03571428571428571	0.019417475728155338	0.9029126213592233	2.857142857142857	0.0	0.8571428571428571	0.0	0.3	0.6	nan	nan	nan	nan	0.0	1.0	10.963313609467455	0.036432279377064655	0.7384615384615385	0.03076923076923077	0.06735751295336788	0.844559585492228	9.977678571428573	0.04397874852420307	0.8035714285714286	0.03571428571428571	0.08053691275167785	0.8120805369127517	45	2	12	121	57	123	12.846828890812045	0.022322220242349516	0.5702858595606404	0.01721152496249227	0.044391177340931544	0.7710489716358375	12.950350359349843	0.006311014424396044	0.8845922113646273	0.0053844814781888505	0.06830643085466587	0.8531879530134553	6.518285940206832	0.0	0.623556789598396	0.0	0.0956626934317352	0.812527657281497	nan	nan	nan	nan	0.0	1.0	11.769830780361486	0.01802592114100421	0.6306475321194392	0.014650972680719253	0.05358169916696714	0.8127724828104436
HI	nan	0.08888888888888889	0.6	0.06666666666666667	0.0	0.75	nan	0.0	0.9666666666666667	0.0	0.0	1.0	nan	0.0	1.0	0.0	0.0	1.0	nan	nan	nan	nan	nan	nan	nan	0.021493212669683258	0.8653846153846154	0.019230769230769232	0.0	0.8947368421052632	nan	0.0234375	0.8541666666666666	0.020833333333333332	0.0	0.8888888888888888	41	1	0	24	41	25	nan	0.0	0.8438553379881109	0.0	0.0	0.9330479418109997	nan	0.0	0.3516298647548789	0.0	0.0	1.0	nan	0.0	1.0	0.0	0.0	1.0	nan	nan	nan	nan	nan	nan	nan	0.0	0.7003780098340506	0.0	0.0	0.9532741143514744
IA	18.18181818181818	0.0	0.9090909090909091	0.0	0.05	0.7	15.230769230769232	0.0	0.8461538461538461	0.0	0.05555555555555555	0.7777777777777778	1.3333333333333333	0.0	0.6666666666666666	0.0	0.5	0.5	nan	nan	nan	nan	nan	nan	11.358024691358025	0.0	0.8518518518518519	0.0	0.075	0.725	9.307692307692307	0.0	0.8461538461538461	0.0	0.09090909090909091	0.696969696969697	22	0	3	23	25	23	3.8750228626589913	0.0	0.8428491533457722	0.0	0.21750817562078067	0.5236233462194962	164.73127707564367	0.0	0.8543089470769784	0.0	0.005186076149246901	0.9844417715522593	nan	0.0	0.3409054169392398	0.0	0.0	1.0	nan	nan	nan	nan	nan	nan	5.568509040176594	0.0	0.8336296827577324	0.0	0.14970428830107377	0.6708912914521814
ID	nan	0.0	0.5	0.0	0.0	0.7142857142857143	nan	0.17424242424242423	0.8333333333333334	0.16666666666666666	0.0	0.9565217391304348	nan	0.0	1.0	0.0	0.0	1.0	nan	nan	nan	nan	0.0	1.0	nan	0.08653846153846155	0.7692307692307693	0.07692307692307693	0.0	0.8888888888888888	nan	0.08284023668639054	0.7692307692307693	0.07692307692307693	0.0	0.9285714285714286	10	1	0	26	10	27	nan	0.0	0.7884212444076455	0.0	0.0	0.6395733753793451	nan	0.020408047040813167	0.9795919529591869	0.020408047040813167	0.0	1.0	nan	0.0	1.0	0.0	0.0	1.0	nan	nan	nan	nan	0.0	1.0	nan	0.008128058900011219	0.8837568449089933	0.006337555984774292	0.0	0.779713343952951
IL	9.83529411764706	0.029411764705882353	0.7450980392156863	0.0196078431372549	0.07575757575757576	0.6666666666666666	34.46099290780142	0.0	0.9148936170212766	0.0	0.02654867256637168	0.8672566371681416	2.6666666666666665	0.0	1.0	0.0	0.375	0.625	nan	0.0	0.6666666666666666	0.0	0.0	1.0	14.883116883116882	0.007856525852494755	0.8571428571428571	0.006211180124223602	0.05759162303664921	0.7905759162303665	11.649659863945578	0.009048279505977148	0.8503401360544217	0.006802721088435374	0.072992700729927	0.7518248175182481	125	1	10	103	135	104	4.282737045398385	0.001523536598970071	0.8274497343163525	0.0007502074097258514	0.1932058227122329	0.49241180699761367	20.635760366097642	0.0	0.8846273928488142	0.0	0.04286865989693129	0.8378141673620343	3.446065702458187	0.0	1.0	0.0	0.29018599363519637	0.7098140063648037	nan	0.0	0.35374562136837756	0.0	0.0	1.0	5.9782800551997095	0.0006252509887993256	0.8063509706493655	0.00041228827413523406	0.13488009313782953	0.6593964368244415
IN	nan	0.0	1.0	0.0	0.0	0.8043478260869565	76.36363636363636	0.06417112299465241	0.8484848484848485	0.06060606060606061	0.011111111111111112	0.9444444444444444	nan	0.0	1.0	0.0	0.0	0.9166666666666666	5.0	0.0	1.0	0.0	0.2	0.8	69.41666666666667	0.0413625304136253	0.9074074074074074	0.037037037037037035	0.013071895424836602	0.8954248366013072	44.791666666666664	0.047892720306513405	0.8958333333333334	0.041666666666666664	0.02	0.87	43	2	2	87	45	89	nan	0.0	1.0	0.0	0.0	0.370374123558735	421.87876651600595	0.007964595193640919	0.8313530183802366	0.007753855761067903	0.0019705969685219872	0.9735404716185357	nan	0.0	1.0	0.0	0.0	0.992824917881253	18.072147069448476	0.0	1.0	0.0	0.055333768376117906	0.9446662316238821	932.0531580937817	0.005757198903800075	0.925123839996618	0.0034425694372512182	0.0009925655333743674	0.5979590934367282
KS	5.833333333333334	0.0	0.8333333333333334	0.0	0.14285714285714285	0.7142857142857143	nan	0.05263157894736842	0.8947368421052632	0.05263157894736842	0.0	1.0	nan	0.0	1.0	0.0	0.0	1.0	nan	0.0	1.0	0.0	0.0	0.3333333333333333	15.757575757575756	0.03581267217630854	0.9090909090909091	0.030303030303030304	0.057692307692307696	0.8461538461538461	12.385416666666668	0.038825757575757576	0.90625	0.03125	0.07317073170731707	0.8048780487804879	29	1	3	33	32	34	4.663373859075237	0.0	0.8628493710496749	0.0	0.1850268490420326	0.638902788415143	nan	0.13913614922123188	0.8557291856106175	0.13913614922123188	0.0	1.0	nan	0.0	1.0	0.0	0.0	1.0	nan	0.0	1.0	0.0	0.0	0.022637261896938553	7.709800657997379	0.10047509204722854	0.8757568385022138	0.0609349282330697	0.11359007545724167	0.6064680010885395
KY	nan	0.0	0.75	0.0	0.0	0.9166666666666666	nan	0.0	1.0	0.0	0.0	0.925	5.0	0.0	1.0	0.0	0.2	0.8	nan	0.0	1.0	0.0	0.0	1.0	75.87096774193549	0.0	0.9032258064516129	0.0	0.011904761904761904	0.9166666666666666	53.85714285714286	0.0	0.9285714285714286	0.0	0.017241379310344827	0.8793103448275862	26	0	1	51	27	51	nan	0.0	0.6452083357671206	0.0	0.0	0.905007418470264	nan	0.0	1.0	0.0	0.0	0.9081192556243123	152.68281820300672	0.0	1.0	0.0	0.006549525426432739	0.9934504745735673	nan	0.0	1.0	0.0	0.0	1.0	2533.513021325035	0.0	0.7731919011407326	0.0	0.00030518568273880465	0.9101200236813788
LA	9.107142857142858	0.07142857142857142	0.8095238095238095	0.047619047619047616	0.08888888888888889	0.6666666666666666	17.31764705882353	0.0	0.9411764705882353	0.0	0.05434782608695652	0.9130434782608695	nan	0.0	1.0	0.0	0.0	0.75	nan	nan	nan	nan	0.0	1.0	13.899470899470899	0.028652138821630344	0.8809523809523809	0.023809523809523808	0.06338028169014084	0.8309859154929577	11.63265306122449	0.0352504638218924	0.8571428571428571	0.02857142857142857	0.07368421052631578	0.8105263157894737	30	1	7	77	37	78	23.799857981437302	0.026230528337441765	0.8740598361502075	0.01712847045437231	0.03672542234629847	0.6529975391278311	9.913833187487171	0.0	0.9961273864428924	0.0	0.1004785301108519	0.8951344935958485	nan	0.0	1.0	0.0	0.0	0.9594380984528759	nan	nan	nan	nan	nan	nan	15.239222478981114	0.01691220460155616	0.9060140091141643	0.012653541686509904	0.05945277131847083	0.7481899601277057
MA	nan	0.0	0.8484848484848485	0.0	0.0	0.75	nan	0.0	0.9629629629629629	0.0	0.0	0.9852941176470589	nan	0.0	0.9333333333333333	0.0	0.0	1.0	4.0	0.0	1.0	0.0	0.25	0.25	100.6952380952381	0.0	0.9238095238095239	0.0	0.009174311926605505	0.8899082568807339	69.66666666666667	0.0	0.9166666666666666	0.0	0.013157894736842105	0.868421052631579	88	0	1	66	89	66	nan	0.0	0.7770532249280359	0.0	0.0	0.4405001328056908	nan	0.0	0.8736703394767373	0.0	0.0	0.9919416994646757	nan	0.0	0.9920059620023832	0.0	0.0	1.0	nan	0.0	1.0	0.0	0.0	0.9443054831901013	nan	0.0	0.8216916451528384	0.0	0.0	0.6662424294557885
MD	34.22222222222222	0.0	0.7777777777777778	0.0	0.022727272727272728	0.8863636363636364	nan	0.0	0.8333333333333334	0.0	0.0	0.9361702127659575	4.0	0.0	1.0	0.0	0.25	0.625	2.0	0.0	1.0	0.0	0.5	0.5	20.99438202247191	0.0	0.8314606741573034	0.0	0.039603960396039604	0.8811881188118812	17.084444444444443	0.0	0.8266666666666667	0.0	0.04838709677419355	0.8387096774193549	62	0	3	52	65	52	107.91839347439519	0.0	0.7448088455469545	0.0	0.006901593153568103	0.9105363151014809	nan	0.0	0.6055707009294388	0.0	0.0	0.9911481026930479	31.71349764366011	0.0	1.0	0.0	0.03153231508035543	0.708233130541367	1.1393337346361825	0.0	1.0	0.0	0.8777059518204513	0.1222940481795486	35.426474355121236	0.0	0.7321375486296009	0.0	0.020666396020403408	0.9146093610934322
ME	nan	0.0	0.8333333333333334	0.0	0.0	0.8947368421052632	14.4	0.0	0.9	0.0	0.0625	0.9375	nan	0.0	1.0	0.0	0.0	1.0	nan	nan	nan	nan	0.0	1.0	35.29411764705882	0.0	0.8823529411764706	0.0	0.025	0.925	18.529411764705884	0.0	0.8823529411764706	0.0	0.047619047619047616	0.8571428571428571	15	0	1	18	16	18	nan	0.0	0.627908577658568	0.0	0.0	0.9178121774808552	2.3329060273745807	0.0	0.9451718908901768	0.0	0.4051478627083234	0.5948521372916765	nan	0.0	1.0	0.0	0.0	1.0	nan	nan	nan	nan	0.0	1.0	14.908374306569439	0.0	0.7852279208377004	0.0	0.05267025798323875	0.8857728651641987
MI	25.35897435897436	0.0	0.5897435897435898	0.0	0.023255813953488372	0.8604651162790697	22.862745098039216	0.02165032679738562	0.8627450980392157	0.0196078431372549	0.03773584905660377	0.9056603773584906	nan	0.19047619047619047	0.8571428571428571	0.14285714285714285	0.0	0.75	2.5714285714285716	0.0	0.8571428571428571	0.0	0.3333333333333333	0.6666666666666666	22.028846153846153	0.02193171996542783	0.7596153846153846	0.019230769230769232	0.034482758620689655	0.8768472906403941	20.086666666666666	0.02553606237816764	0.7666666666666667	0.022222222222222223	0.03816793893129771	0.8702290076335878	69	2	5	114	74	116	8.402654537722444	0.0	0.6232591735002365	0.0	0.07417408042925112	0.7944557827286168	27.92438687994605	0.11621966674930823	0.7423120641337547	0.11123801601939445	0.026582931518788242	0.9571359059163416	nan	0.07950672739189991	0.9229855555241765	0.07701444447582362	0.0	0.968653181965452	nan	0.0	0.8070739422011121	0.0	0.0	1.0	13.344144730096588	0.04349891052915315	0.6836819036495079	0.037769054767537155	0.0512345989554146	0.8682758788228543
MN	6.740740740740741	0.0	0.7222222222222222	0.0	0.10714285714285714	0.75	54.46153846153847	0.027505827505827505	0.9230769230769231	0.02564102564102564	0.01694915254237288	0.9322033898305084	nan	0.0	1.0	0.0	0.0	0.6666666666666666	2.75	0.0	1.0	0.0	0.36363636363636365	0.5454545454545454	10.738505747126435	0.013820470717022441	0.8505747126436781	0.011494252873563218	0.07920792079207921	0.8316831683168316	15.428571428571429	0.015584415584415584	0.8571428571428571	0.012987012987012988	0.05555555555555555	0.8333333333333334	66	1	4	60	70	61	240.2767363644894	0.0	0.7132801594374283	0.0	0.0029685776918303617	0.509014654989594	306.49209205753033	0.010326759107122559	0.8319713538680299	0.010256663064526588	0.002714495334228278	0.9932121934995439	nan	0.0	1.0	0.0	0.0	0.6666666666666666	1466.0162508927667	0.0	1.0	0.0	0.0006821206786698479	0.9979450778512162	432.0817574619612	0.002559130896180409	0.7659807102793481	0.0022286469817825575	0.0017727679936748592	0.8708608790229877
MO	nan	0.0	0.7037037037037037	0.0	0.0	0.9038461538461539	53.96153846153846	0.0	0.8846153846153846	0.0	0.01639344262295082	0.9016393442622951	3.75	0.0	0.75	0.0	0.2	0.4	nan	0.0	0.0	0.0	0.0	1.0	49.935483870967744	0.0	0.7741935483870968	0.0	0.015503875968992248	0.8914728682170543	30.78	0.0	0.76	0.0	0.024691358024691357	0.8518518518518519	38	0	2	69	40	69	nan	0.0	0.48905665675805066	0.0	0.0	0.7176689176961085	80.02900840164895	0.0	0.8971178495055128	0.0	0.011209908349770684	0.9047022919717209	1.0539227582296058	0.0	0.77706327416512	0.0	0.7373057162845993	0.0893384670301639	nan	nan	nan	nan	0.0	1.0	29.525766555552803	0.0	0.5881441756475394	0.0	0.019919691993125554	0.8144142703698786
MS	nan	0.0	0.6363636363636364	0.0	0.0	0.8	nan	0.0	1.0	0.0	0.0	0.9629629629629629	nan	nan	nan	nan	0.0	1.0	nan	nan	nan	nan	0.0	1.0	nan	0.0	0.7777777777777778	0.0	0.0	0.9090909090909091	nan	0.0	0.8125	0.0	0.0	0.8888888888888888	13	0	0	32	13	32	nan	0.0	0.8833740832074376	0.0	0.0	0.9764053132304836	nan	0.0	1.0	0.0	0.0	0.9953398337143629	nan	nan	nan	nan	nan	nan	nan	nan	nan	nan	nan	nan	nan	0.0	0.9101809753936205	0.0	0.0	0.9840439327229202
MT	nan	0.0	0.8	0.0	0.0	0.7777777777777778	nan	0.0	1.0	0.0	0.0	1.0	nan	nan	0.6666666666666666	0.3333333333333333	nan	nan	nan	nan	nan	nan	0.0	1.0	nan	0.07222222222222222	0.8666666666666667	0.06666666666666667	0.0	0.9230769230769231	nan	0.07539682539682539	0.8571428571428571	0.07142857142857142	0.0	0.9473684210526315	12	1	0	18	12	19	nan	0.0	0.8027292786603779	0.0	0.0	0.6760239329282983	nan	0.0	1.0	0.0	0.0	1.0	nan	nan	1.0	0.0	nan	nan	nan	nan	nan	nan	0.0	1.0	nan	0.0	0.8222073425063605	0.0	0.0	0.8443231109624497
NC	nan	0.0	0.8484848484848485	0.0	0.0	0.9125	61.463414634146346	0.07922244635980194	0.8536585365853658	0.07317073170731707	0.013888888888888888	0.9236111111111112	nan	0.0	1.0	0.0	0.0	0.9285714285714286	nan	0.0	1.0	0.0	0.0	1.0	105.20121951219511	0.03968858885017421	0.8658536585365854	0.036585365853658534	0.00823045267489712	0.9218106995884774	66.83108108108108	0.04579039471125802	0.8513513513513513	0.04054054054054054	0.012738853503184714	0.8853503184713376	63	3	2	139	65	142	nan	0.0	0.8987572655300946	0.0	0.0	0.9125303938763487	407.35043688543124	0.07266475171953066	0.9227581872554905	0.06670659350361055	0.0022652686819506704	0.9180048362524207	nan	0.0	1.0	0.0	0.0	0.9920316564887047	nan	0.0	1.0	0.0	0.0	1.0	932.0026142692516	0.015458070933068816	0.9079549454728637	0.014249330596070671	0.0009741978526366659	0.9218052276877359
ND	nan	0.0	1.0	0.0	0.0	0.25	nan	0.0	1.0	0.0	0.0	0.9375	nan	nan	nan	nan	nan	nan	nan	nan	nan	nan	nan	nan	nan	0.0	1.0	0.0	0.0	0.8	nan	0.0	1.0	0.0	0.0	0.7142857142857143	3	0	0	5	3	5	nan	0.0	1.0	0.0	0.0	0.5007803975833661	nan	nan	nan	nan	0.0	0.9936949424531524	nan	nan	nan	nan	nan	nan	nan	nan	nan	nan	nan	nan	nan	0.0	1.0	0.0	0.0	0.9875471621029183
NE	6.5	0.0	1.0	0.0	0.15384615384615385	0.8461538461538461	nan	0.0	1.0	0.0	0.0	0.9375	nan	0.3333333333333333	0.6666666666666666	0.3333333333333333	0.0	1.0	nan	nan	0.5	0.5	nan	nan	13.333333333333332	0.12345679012345678	0.8888888888888888	0.1111111111111111	0.06666666666666667	0.9	9.882352941176471	0.06862745098039216	0.9411764705882353	0.058823529411764705	0.09523809523809523	0.8571428571428571	16	1	2	18	18	19	341.50285134955647	0.0	1.0	0.0	0.002928233237433257	0.9970717667625667	nan	0.0	1.0	0.0	0.0	0.7071918660788845	nan	0.1669483485013491	0.8330516514986509	0.1669483485013491	0.0	1.0	nan	nan	0.8407921794163935	0.15920782058360644	nan	nan	402.2146619279487	0.020397873093920854	0.980472582823379	0.019527417176621008	0.0024376848375532796	0.9573261431085545
NH	nan	0.0	1.0	0.0	0.0	1.0	nan	0.0	0.875	0.0	0.0	1.0	nan	nan	nan	nan	0.0	1.0	nan	nan	nan	nan	0.0	1.0	nan	0.0	0.9285714285714286	0.0	0.0	1.0	nan	0.0	0.9285714285714286	0.0	0.0	1.0	13	0	0	20	13	20	nan	0.0	1.0	0.0	0.0	1.0	nan	0.0	0.9565557011268123	0.0	0.0	1.0	nan	nan	nan	nan	0.0	1.0	nan	nan	nan	nan	nan	nan	nan	0.0	0.9806806279446783	0.0	0.0	1.0
NJ	6.781609195402299	0.047313552526062556	0.6896551724137931	0.034482758620689655	0.1016949152542373	0.7288135593220338	88.2391304347826	0.0	0.8913043478260869	0.0	0.010101010101010102	0.9292929292929293	nan	0.0	0.9230769230769231	0.0	0.0	1.0	nan	nan	nan	nan	0.0	1.0	19.672077922077925	0.013191354100445009	0.8295454545454546	0.011363636363636364	0.04216867469879518	0.8614457831325302	21.512658227848103	0.015160435678539889	0.8354430379746836	0.012658227848101266	0.038834951456310676	0.8349514563106796	66	1	4	86	70	87	7.807705710674016	0.12455281051348369	0.630394766517838	0.07830386874747271	0.08074007779980963	0.6286800628958572	565.2969032294634	0.0	0.9136293240946625	0.0	0.0016161937538932618	0.8949204950818055	nan	0.0	0.9436804061579871	0.0	0.0	1.0	nan	nan	nan	nan	0.0	1.0	15.969798542354196	0.05319864709038686	0.7700888732702447	0.040029011598607056	0.04822157719947803	0.752444165179539
NM	nan	0.0	0.5833333333333334	0.0	0.0	0.8333333333333334	nan	0.058333333333333334	0.8888888888888888	0.05555555555555555	0.0	0.9523809523809523	nan	0.0	1.0	0.0	0.0	1.0	nan	nan	1.0	0.0	nan	nan	nan	0.030228758169934637	0.8055555555555556	0.027777777777777776	0.0	0.918918918918919	nan	0.03694581280788177	0.7931034482758621	0.034482758620689655	0.0	0.9333333333333333	23	1	0	28	23	29	nan	0.0	0.5577956131553438	0.0	0.0	0.9761652758319458	nan	0.004770340334438581	0.89913057150829	0.0047061777705931776	0.0	0.9865496884190434	nan	0.0	1.0	0.0	0.0	1.0	nan	nan	nan	nan	nan	nan	nan	0.00197673432604612	0.7011828576162585	0.0019427547428611622	0.0	0.9828102427639205
NV	5.140625	0.0	0.4375	0.0	0.0851063829787234	0.8085106382978723	nan	0.0	0.9714285714285714	0.0	0.0	0.8909090909090909	nan	0.0	0.75	0.0	0.0	1.0	nan	0.0	1.0	0.0	0.0	0.8333333333333334	23.504464285714285	0.0	0.8035714285714286	0.0	0.03418803418803419	0.8632478632478633	18.595744680851062	0.0	0.8085106382978723	0.0	0.043478260869565216	0.8695652173913043	38	0	3	60	41	60	1.9804461979183137	0.0	0.3211210480647804	0.0	0.16214580754696448	0.8203854235796022	nan	0.0	0.9968880046307796	0.0	0.0	0.8956066096120081	nan	0.0	1.0	0.0	0.0	1.0	nan	0.0	1.0	0.0	0.0	1.0	7.917742772171823	0.0	0.6434407355109938	0.0	0.08126567811377625	0.8819668217499504
NY	14.096638655462185	0.027744087325651912	0.8088235294117647	0.022058823529411766	0.05737704918032787	0.7950819672131147	60.6231884057971	0.01036028170653629	0.9082125603864735	0.00966183574879227	0.0149812734082397	0.9325842696629213	37.92	0.0	0.96	0.0	0.02531645569620253	0.9493670886075949	6.5	0.0	1.0	0.0	0.15384615384615385	0.7692307692307693	28.99441117764471	0.011137817173078437	0.9041916167664671	0.00998003992015968	0.031185031185031187	0.896049896049896	20.3046875	0.015327673884514437	0.8828125	0.013020833333333334	0.043478260869565216	0.8494983277591973	339	5	13	254	352	259	5.237923899174229	0.060654140665406614	0.7974120797619395	0.04300861697143307	0.15223819496263652	0.7090796522645739	26.048585211534903	0.0099085430227436	0.8460542802689432	0.008789349833112376	0.03247985537019843	0.8870476530139416	109.51037861795568	0.0	0.9663129350055798	0.0	0.008823939312425498	0.9740537475705383	7.5235408653178695	0.0	1.0	0.0	0.13291613854452694	0.8602665334995901	10.385945541082954	0.019408573972087458	0.9029992478220031	0.015791704835856818	0.08694434649691475	0.8136458071864394
OH	11.737373737373739	0.07984607984607985	0.8484848484848485	0.06060606060606061	0.07228915662650602	0.7590361445783133	25.16015625	0.0	0.890625	0.0	0.035398230088495575	0.9026548672566371	nan	0.0	0.8333333333333334	0.0	0.0	1.0	nan	0.0	1.0	0.0	0.0	1.0	19.636363636363633	0.021087160262417994	0.8727272727272727	0.01818181818181818	0.044444444444444446	0.8622222222222222	17.19951923076923	0.023164335664335664	0.8653846153846154	0.019230769230769232	0.050314465408805034	0.8301886792452831	90	2	8	132	98	134	15.357763256381656	0.12788697787718703	0.832016771620543	0.08202341095843829	0.05417564769888041	0.6413742221448642	35.18476650359708	0.0	0.8785379342442413	0.0	0.02496926998661267	0.834338815911381	nan	0.0	0.682522813177858	0.0	0.0	1.0	nan	0.0	1.0	0.0	0.0	1.0	20.54795595755182	0.06568779113758078	0.8380832402170391	0.047944671261412566	0.04078669634820904	0.7298870982127278
OK	20.714285714285715	0.0	0.7142857142857143	0.0	0.034482758620689655	0.8275862068965517	45.42857142857143	0.0	0.8571428571428571	0.0	0.018867924528301886	0.9433962264150944	nan	0.0	1.0	0.0	0.0	0.8	nan	nan	1.0	0.0	nan	nan	36.909090909090914	0.0	0.8484848484848485	0.0	0.022988505747126436	0.896551724137931	30.1875	0.0	0.875	0.0	0.028985507246376812	0.8985507246376812	28	0	2	62	30	62	28.921998463949706	0.0	0.6886436607845502	0.0	0.02381037609288726	0.8547200731439076	24.773847299707167	0.0	0.9827304344348693	0.0	0.03966805892302749	0.909058415616955	nan	0.0	1.0	0.0	0.0	0.44376228550519603	nan	nan	1.0	0.0	nan	nan	29.01120884880365	0.0	0.8364859432757515	0.0	0.028833198493562466	0.8428139428340259
OR	51.52941176470589	0.03253119429590018	0.7058823529411765	0.029411764705882353	0.0136986301369863	0.9041095890410958	62.89795918367347	0.04340783932620667	0.9387755102040817	0.04081632653061224	0.014925373134328358	0.9402985074626866	3.0	0.0	0.75	0.0	0.25	0.625	nan	0.0	1.0	0.0	0.0	1.0	31.38586956521739	0.03596547314578005	0.8369565217391305	0.03260869565217391	0.02666666666666667	0.9066666666666666	18.07471264367816	0.026767438198708866	0.8505747126436781	0.022988505747126436	0.047058823529411764	0.8588235294117647	74	2	4	73	78	75	nan	0.022360445542010082	0.7064235701833829	0.01810394942775795	0.0	0.8096417128068776	5.579979893052091	0.12184743717796617	0.888753605345002	0.10160686769396297	0.1592754135999008	0.8338859646720307	1.9295607489667195	0.0	0.8713944183658844	0.0	0.45160247938942394	0.4073384814964023	nan	0.0	1.0	0.0	0.0	1.0	8.810022863932048	0.04979622288607694	0.7564362012147756	0.03937380112671524	0.08586086698044806	0.7906985478957719
PA	11.33879781420765	0.022305831765654396	0.819672131147541	0.01639344262295082	0.07228915662650602	0.7349397590361446	66.06944444444444	0.0	0.9305555555555556	0.0	0.014084507042253521	0.9507042253521126	17.0	0.0	1.0	0.0	0.058823529411764705	0.8823529411764706	nan	0.0	0.0	0.0	0.0	0.6	24.111904761904764	0.008244325767690254	0.8785714285714286	0.007142857142857143	0.03643724696356275	0.8663967611336032	21.090225563909776	0.010428168322905164	0.868421052631579	0.008771929824561403	0.041176470588235294	0.8411764705882353	99	1	7	143	106	144	13.071723586840111	0.011018856705871018	0.8267878988280913	0.008623873395947978	0.06325010572136452	0.782646841332735	42.36814254765237	0.0	0.9626219825977904	0.0	0.022720419747339845	0.8699453386721148	13.267170401549864	0.0	1.0	0.0	0.07537402247303468	0.7174567641475428	nan	0.0	0.0	0.0	0.0	0.6246064169588031	16.98295711334191	0.00811244565589526	0.8408168821292126	0.006427514244154324	0.04950945094648222	0.7923029030688783
RI	3.0	0.0	1.0	0.0	0.3333333333333333	0.6666666666666666	nan	0.0	1.0	0.0	0.0	1.0	nan	nan	nan	nan	nan	nan	nan	nan	nan	nan	0.0	1.0	6.0	0.0	1.0	0.0	0.16666666666666666	0.8333333333333334	5.0	0.0	1.0	0.0	0.2	0.8	8	0	1	4	9	4	8.097443099727228	0.0	1.0	0.0	0.12349577362682378	0.8765042263731763	nan	0.0	1.0	0.0	0.0	1.0	nan	nan	nan	nan	nan	nan	nan	nan	nan	nan	0.0	1.0	10.72593817332724	0.0	1.0	0.0	0.09323193774198262	0.9067680622580173
SC	nan	0.0	0.6363636363636364	0.0	0.0	0.8958333333333334	50.75	0.0	0.875	0.0	0.017241379310344827	0.9310344827586207	nan	0.0	1.0	0.0	0.0	1.0	nan	nan	nan	nan	0.0	1.0	87.6190476190476	0.0	0.7619047619047619	0.0	0.008695652173913044	0.9217391304347826	60.421052631578945	0.0	0.7368421052631579	0.0	0.012195121951219513	0.9024390243902439	14	0	1	74	15	74	nan	0.0	0.5214340891332049	0.0	0.0	0.7968976198625651	354.97703844524	0.0	0.7806996331550013	0.0	0.00219929614764487	0.8197035111484597	nan	0.0	1.0	0.0	0.0	1.0	nan	nan	nan	nan	0.0	1.0	677.4839399648978	0.0	0.5343745303016728	0.0	0.0007887633916891965	0.808473727923
SD	nan	0.0	0.8	0.0	0.0	1.0	nan	0.0	0.0	0.0	0.0	1.0	nan	nan	nan	nan	nan	nan	nan	nan	nan	nan	0.0	0.5	nan	0.0	0.6666666666666666	0.0	0.0	0.8888888888888888	nan	0.0	0.6666666666666666	0.0	0.0	0.8333333333333334	4	0	0	5	4	5	nan	0.0	0.8551172213837257	0.0	0.0	1.0	nan	0.0	0.0	0.0	0.0	1.0	nan	nan	nan	nan	nan	nan	nan	nan	nan	nan	0.0	0.5	nan	0.0	0.7004773690888206	0.0	0.0	0.9752101063077104
TN	nan	0.06875	0.875	0.0625	0.0	0.9090909090909091	105.0	0.0	0.875	0.0	0.008333333333333333	0.95	nan	nan	nan	nan	0.0	0.9411764705882353	nan	nan	nan	nan	0.0	1.0	187.25	0.02661691542288557	0.875	0.025	0.004672897196261682	0.9392523364485982	111.94444444444444	0.030602636534839925	0.8611111111111112	0.027777777777777776	0.007692307692307693	0.9076923076923077	31	1	1	118	32	119	nan	0.08937067466728367	0.8222830793442547	0.07807406116678323	0.0	0.8735982072133126	487.61642257102017	0.0	0.6142779732190334	0.0	0.0012597565315379945	0.97290780723116	nan	nan	nan	nan	0.0	0.9945821524123237	nan	nan	nan	nan	0.0	1.0	2371.6447844925992	0.06391902200074609	0.7700402707528098	0.05846488757737362	0.00032468617382664066	0.914671184685698
TX	12.393225331369662	0.012170675830469645	0.6804123711340206	0.010309278350515464	0.054901960784313725	0.8470588235294118	74.45079365079364	0.015634823014896816	0.9111111111111111	0.014814814814814815	0.012237762237762238	0.9475524475524476	14.875	0.06481481481481481	0.9444444444444444	0.05555555555555555	0.06349206349206349	0.8571428571428571	26.0	0.0	0.6666666666666666	0.0	0.02564102564102564	0.8974358974358975	29.310396634615387	0.017137691853600947	0.8203125	0.015625	0.02798708288482239	0.9117330462863293	22.898305084745765	0.019017628353555	0.8177966101694916	0.01694915254237288	0.03571428571428571	0.8912337662337663	193	4	22	549	215	553	11.479928624755443	0.03528638458506038	0.6456916943214983	0.02616103091089495	0.05624527080500498	0.7413916505906661	326.4020327809595	0.02230387659181815	0.7539614824933096	0.02106796095518856	0.0023099166266506528	0.944587406967497	26.978239550761245	0.01853853615570235	0.9824685444544176	0.01753145554558241	0.036417073938640125	0.9456763683140015	nan	0.0	0.6413951471895197	0.0	0.0	0.6059363931283057	21.30239757512016	0.02881581765074755	0.6762157341360127	0.023898187646019125	0.031743644430230214	0.8293426872584041
UT	7.2	0.0	0.6	0.0	0.08333333333333333	0.6666666666666666	nan	0.0	0.7142857142857143	0.0	0.0	0.8275862068965517	nan	0.0	1.0	0.0	0.0	1.0	nan	nan	nan	nan	0.0	0.8571428571428571	39.0	0.0	0.75	0.0	0.019230769230769232	0.8076923076923077	30.75	0.0	0.75	0.0	0.024390243902439025	0.7804878048780488	12	0	1	32	13	32	nan	0.0	0.6572412679760152	0.0	0.0	0.4919275876698916	nan	0.0	0.11635779856189439	0.0	0.0	0.9253273278549368	nan	0.0	1.0	0.0	0.0	1.0	nan	nan	nan	nan	0.0	0.9875768156626816	nan	0.0	0.5041517646846657	0.0	0.0	0.7340509079382264
VA	35.964285714285715	0.04206349206349206	0.6785714285714286	0.03571428571428571	0.018867924528301886	0.8490566037735849	93.91228070175438	0.0	0.9298245614035088	0.0	0.009900990099009901	0.9801980198019802	7.0	0.0	1.0	0.0	0.14285714285714285	0.8571428571428571	nan	0.0	1.0	0.0	0.0	1.0	51.46258503401361	0.010876206770133203	0.8673469387755102	0.01020408163265306	0.016853932584269662	0.9382022471910112	33.64814814814815	0.012286324786324786	0.8777777777777778	0.011111111111111112	0.02608695652173913	0.9043478260869565	79	1	3	104	82	105	433.2389995127494	0.0	0.590271006171555	0.0	0.0013624604590893588	0.7567305001740274	1071.4878423311463	0.0	0.9258856103697667	0.0	0.0008641121007545871	0.9912734322761396	5.590840256084965	0.0	1.0	0.0	0.178863990776989	0.821136009223011	nan	0.0	1.0	0.0	0.0	1.0	170.6622913140625	0.0	0.7035836137993127	0.0	0.004122665929197786	0.9010252701697848
VT	11.0	0.0	1.0	0.0	0.09090909090909091	0.6363636363636364	nan	0.0	1.0	0.0	0.0	1.0	nan	nan	nan	nan	nan	nan	nan	nan	nan	nan	nan	nan	20.0	0.0	1.0	0.0	0.05	0.8	11.0	0.0	1.0	0.0	0.09090909090909091	0.6363636363636364	9	0	1	7	10	7	8.384952788794392	0.0	1.0	0.0	0.11926125586972831	0.6534175426032042	nan	0.0	1.0	0.0	0.0	1.0	nan	nan	nan	nan	nan	nan	nan	nan	nan	nan	nan	nan	18.41220363856538	0.0	1.0	0.0	0.05431180425929271	0.8421656853387427
WA	14.935344827586206	0.04658197217180883	0.7758620689655172	0.034482758620689655	0.05194805194805195	0.7402597402597403	32.19047619047619	0.05990783410138248	0.9285714285714286	0.05357142857142857	0.028846153846153848	0.8942307692307693	3.535714285714286	0.09183673469387754	0.7857142857142857	0.07142857142857142	0.2222222222222222	0.7777777777777778	nan	0.0	1.0	0.0	0.0	0.8	18.408521303258144	0.05463970485219259	0.849624060150376	0.045112781954887216	0.046153846153846156	0.8256410256410256	16.78061224489796	0.06779393173198482	0.8214285714285714	0.05357142857142857	0.04895104895104895	0.7902097902097902	92	6	7	113	99	119	22.38738426343838	0.019473559384209953	0.8007576843400553	0.015567949645860614	0.035768255679954564	0.799440376497571	99.61588577666213	0.1847411068196485	0.8301317317287482	0.16188891705955147	0.008333326810845167	0.8763015435302862	1.4435434384882753	0.04220717319014725	0.9260417561041709	0.01513101895808027	0.6415059854893951	0.35849401451060503	nan	0.0	1.0	0.0	0.0	1.0	23.60356484716493	0.05237916459871606	0.8228285101906139	0.04271258139117395	0.03486034908364469	0.8154498399965114
WI	nan	0.0	0.6666666666666666	0.0	0.0	0.9591836734693877	nan	0.04097560975609756	0.88	0.04	0.0	0.9761904761904762	5.0	0.0	1.0	0.0	0.2	0.8	nan	0.0	1.0	0.0	0.0	1.0	82.92307692307693	0.02673213311511184	0.8461538461538461	0.02564102564102564	0.01020408163265306	0.9591836734693877	44.0	0.027777777777777776	0.8461538461538461	0.02564102564102564	0.019230769230769232	0.9230769230769231	33	1	1	48	34	49	nan	0.0	0.6715062140825522	0.0	0.0	0.8996063465159153	nan	0.0990082213747326	0.7658062008542721	0.09876205918546269	0.0	0.9975137197108287	3.004556618421719	0.0	1.0	0.0	0.33282781022289265	0.6671721897771073	nan	0.0	1.0	0.0	0.0	1.0	85.94689226507258	0.03914967922743159	0.7941927452580155	0.03620157638099805	0.009240505669578033	0.9246966283093363
WV	nan	0.0	1.0	0.0	0.0	0.42857142857142855	nan	0.0	1.0	0.0	0.0	1.0	nan	0.0	1.0	0.0	0.0	1.0	nan	nan	nan	nan	nan	nan	nan	0.0	1.0	0.0	0.0	0.7777777777777778	nan	0.0	1.0	0.0	0.0	0.8125	4	0	0	13	4	13	nan	0.0	1.0	0.0	0.0	0.710051903634412	nan	0.0	1.0	0.0	0.0	1.0	nan	0.0	1.0	0.0	0.0	1.0	nan	nan	nan	nan	nan	nan	nan	0.0	1.0	0.0	0.0	0.811213323049566
WY	nan	nan	nan	nan	0.0	0.7777777777777778	nan	0.0	1.0	0.0	0.0	1.0	nan	0.0	1.0	0.0	0.0	1.0	nan	nan	nan	nan	nan	nan	nan	0.0	1.0	0.0	0.0	0.8333333333333334	nan	0.0	1.0	0.0	0.0	0.875	4	0	0	7	4	7	nan	nan	nan	nan	0.0	0.9328419225510899	nan	0.0	1.0	0.0	0.0	1.0	nan	0.0	1.0	0.0	0.0	1.0	nan	nan	nan	nan	nan	nan	nan	0.0	1.0	0.0	0.0	0.9336527757871846
