RmNz2jGzsDA,16.249848277190452,1.0
hwzffeICkP8,13.823004813759137,1.0
3jFJTZkMc40,14.177748261953118,2.4328488400098913
g_a7dQXilCo,46.78358112308713,2.8595847846635936
thg4lnaVIT4,20.589434237594293,1.0
a4UtbLlBi8U,36.56550802475249,1.0
2AhGYo9TExU,40.80531675644084,4.216687765344148
lyeTj002DCo,78.37172611543983,1.3166446517423744
hiVQ8vrGA_8,0.0,5.032209156064582
fy1_uHBdlkI,27.29251536138207,1.0119460229848853
gsTlOm1iknc,23.362761597506037,1.9846179256164487
wEX0ZvAMtB4,94.58597832816422,3.2357476474229916
JC2oh5BfPhQ,23.651727248247674,1.0
9siALpqSSKw,33.02463479819981,1.0
G8xAdPQuyPo,11.684856495786956,1.0
EuNKs0RKHtw,2.759310630723518,5.900308103401821
gQ489KjPqlc,325.66161219474435,1.3571556851915874
NL0tRHvBlQQ,0.0,1.7026843928321476
4S2TZOdXAtQ,69.76909142619628,1.0
bADdJuN-4Ag,43.260929672319804,1.432958975331128
WfjZ1otkS3o,249.59187412911484,1.1475427200268127
WjvKDAtu9Ns,117.80136046949053,1.0
HcnwJyFcQsM,20.325165790662478,1.3118051865060414
m6bSsaVL6gA,158.71946389344026,1.2066622992711455
aIFf7qwlnSc,80.28681352206907,1.3121022360779846
FOZ0irgLwxU,0.0,2.5911282290909465
2UZqIIy7pAk,82.06473752405006,1.8463227661280108
t2tKhN2uV6I,9.221516558654445,1.5499428464472702
trIyY7sS3ik,45.15778916016098,1.1048701259857376
085u0NnAgjA,115.04272207408563,2.206515767359799
Ob6boWEtaGQ,24.172581195551473,1.5216885292638378
Sx4BVGPkdzk,0.6305606022790506,3.3902293464451825
VNXMOxBbt6g,263.6217530026646,1.3609699539402051
iGVZdfcm7qg,0.0,1.0
DWGUIjterF4,56.80570373084142,1.636307405925212
MydjXCHoLo0,2.075706206009815,5.637777625820184
f5W3-axl0PQ,8.846351854359293,2.2850881011903366
q9X2ZRB9GCU,26.149088214882717,1.1883809796785398
sMaYWp2cF74,110.20487988223988,1.0
Hok2PiRnDfw,223.28733833119335,3.37985811976748
evd_uwHgXeA,39.19490037658298,1.0
HelSaMSy8HY,66.16856574370871,3.2356202327170758
1-9--B4Jhts,93.85783705516627,1.0
JaBkcp5C5EY,25.22150782651584,3.9537641355024262
ETR9qrVS17g,1010.3551541588215,1.0
oRFVp4Xatho,0.0,1.0000000179206125
pbccGbPKwok,0.0,1.0
ze1QW9C_lSA,0.0,1.3299474628505714
u8WPz2u1ipA,73.48078520067698,1.6339891653705687
tsNR1xNRpCM,11.595161652374959,1.2455281966644716
sxITADfhXnk,514.0274933896585,1.0
PnrvDS7yvS0,1.660715155612027,1.7727626739387832
phPXTWJhnYM,0.0,21.252324115116775
qNFNH0lmYdM,61.84611312308693,1.0
SlOH_iKxPus,16.58624366836391,1.0
HEYVCNgYA6s,300.0923616028505,1.4316088157882279
7Bl_LSa4sJA,20.075507851373285,1.6046663474202294
kmQe1tWVBk8,135.55874786008428,1.422765827108534
0RHBiRnWwRs,713.6724879806038,1.0
-fmZq8lRyJs,3.424949036541887,1.0000000000001164
S8COj0qN6bA,0.0,2.0426581826452916
TZ3jyrGB3VE,23.492401279782815,1.0903308932123255
pPC6cg-gkJk,147.01846493144984,1.9977888139829474
zrgvlx7MnqA,0.6214162504827624,1.772067348224812
lGXWesNAOUc,5.066570147172205,6.054521840585494
faoBehegWR0,2.7722509694915334,1.9052807731291843
eV72bUfMc-A,0.0,1.1179810601691245
yCUmdVVVT5w,0.0,15.316993995084575
kBHK4WWDdq4,15.224624697440618,1.0
4AafOhLUMvc,185.9741358719426,1.0
y0HKgs-0zDY,93.75018725063656,3.283214484061122
U4z-FX0JeLM,17.948403848419947,2.1072245848771125
uQUrWlraj_4,135.04346560409522,2.3108342541752553
MHXL00wY3nY,84.92054178156394,3.2192815945426325
2CN7KWr2q_4,45.13111305260927,1.6292093623892019
ScgVbT_fry0,328.988634880295,1.8248992037185177
XyUcfYsd8n0,88.16108612828728,9.035579219278416
ppBXqO6ObQ8,3.9682355400140534,1.0
y29CBLEyfHM,219.68854303109777,1.8796351219197354
SVOuY7hoqEs,254.48935725711715,2.2131227750344546
ITRcBzmHZrk,11.474834399661342,2.3863256554635535
2RkiUF2qwW4,105.0505564814867,1.0
Xj28qAS8MWU,676.2737172360438,1.0
nJjTpQchohs,5.206273733364694,inf
9XwryYj98LY,42.08475206554641,2.7881623549446375
SiZ2Lc-s3yk,277.95997066918284,1.9155121150511991
hz1dfDTH6Dk,50.54741363297293,1.6906735893245441
WWaqudptwZ4,293.57732358703896,1.0
x6B4Hr1CDMw,839.2126005523479,1.0
fFvH1Njg2rM,226.79013364775108,1.0
BDpXhlCUEzw,173.32536893982925,1.050663897730015
gwSYhTWk6E8,270.4797197286288,1.327620562018441
sheEL099ADM,2320.8233952337237,1.0
o9EXoKb7el4,14.278900425114188,1.3784604230366897
ErKrYhbHbzg,376.0385365145131,3.761961016683885
Ixc9i1G7eew,137.00611984252896,1.6274751419680977
yhYiJ4z_v_c,250.99655511107864,1.0392302593857983
VCNWtVoOLlo,23.159630122632496,1.0
AeEVgM9Hrvw,108.73394387656212,2.0054203039452863
gyiH3YcvRH0,22.95869040061559,1.0
8Vy7BiJPLfs,0.0,5.710161865536844
XSM2kU6gNo8,219.87295044925781,1.15645153381125
Ru4SVUlNfMY,2.1980236392502768,4.001434507389181
VGrYMIqVIEs,8.055290516536608,1.0
EPvN5o2aRNs,106.17709842329558,2.412583229979463
xoyLYumj7tI,14.542413563472543,2.752609336514705
MVJXi6IXWyI,129.8240248313378,2.8359982077572075
HxjWYUybnc8,6.589569133207943,1.4156747448418887
Wc9Ve7xH358,56.14866154390054,1.158653921812964
SSHc4sE-ZCA,115.56929539521835,1.0
jgccg9xurE8,268.72420852056905,1.2092604856100773
54DltnHjwHQ,124.12379043545448,1.0
twNkyxdNoQ8,44.653063410899016,1.885871687014567
XpVGmi5Sbek,53.08035389904471,4.826562423141718
pNwVWq8EjSs,63.41192120697753,4.52997150352302
BAPJwSzjBWw,143.96339252322795,1.0
EuymzkaPagM,280.58297060823946,3.996611921319221
DWokyEkMiKw,886.9135746688208,1.0
_Qyhf-4-JrQ,46.6752577574669,2.616642662870289
RhUzbcn_fsE,79.37751093744399,1.3959682082204712
uVvbh2_Oh94,1019.0737414682224,1.513416038145806
ZQYCtmMYcnU,187.53753685772588,1.0969835095639024
FdHJw0veVNY,259.32869203319314,1.0
yvS2gjMMXBQ,2089.8796046360408,1.6371621929505966
krgcbiRu0ys,2.508447872147448,1.0
7yRrz_5ivZM,19.55410382156776,1.0
CD4reaHE83Q,259.08017351478725,1.6884844151512484
GkYZtfxj0RM,0.0,4.199988993714221
wA0Q2JXiX1M,108.4520684962929,3.0341458220632367
HiYC0ZsZyWo,0.0,2.4036366285248616
-YoZRPTPly0,11.585924421490441,2.9789326719361267
xq4Y87idawk,8.508356345623325,3.224217676688191
mhcA29ZN0HU,94.87645204507673,1.0
HxfFxhERMYY,262.5051223632882,1.2410986102558224
r9g0EYIUfX4,325.8957813830692,1.903861812279009
s8tQ15bgzOw,821.7731882653308,1.215633054077943
oIrT1eHs1b0,551.7357776049631,3.6483968880412703
dUVuzbfu3aQ,2540.494239647227,1.0
BGeyc4nGEts,1080.1010551045042,2.908142578439596
mYtB4smQkaE,335.34930687515936,2.3788683467684706
Ek0195TInzs,307.4464178709941,1.0529650966045614
xc80T5QuwQA,31.51747442424262,1.5085579090976913
0eaQ8-NJa5c,81.11236720425887,1.0
i_pjKde8-KI,10.325096132430316,1.2078032757624309
sQrtgYiW71o,1166.3782031303815,1.0
p62zZToH7ns,168.06274938091218,2.2688071667685263
kb2KUnWNCLs,520.3556594477662,1.0
kIhvZjwOb3k,118.0104784213565,2.097435953650182
euiINp5xHwg,1264.2421975775994,1.0
JF-MMz61Wjo,836.123918866177,1.0258605093852515
r2Q87dI0H5s,79.54135478925714,1.5240364848771475
s_v-nRbvtqE,1427.2486585380263,1.0
eL9RB_jG6SY,1241.6462072656573,1.0
QAk6szYQ-bM,114.78662689659502,6.419664333203956
t9y-rZAXSuU,1.9094343996238146,2.553290071585543
kVTzIZ1ZVYU,289.6384937528924,1.0000000000000002
qO3yBiRFYLk,8.552328858911348,1.5869962293211821
8ZhaiA237e8,144.6653640133286,1.7024566135014987
5Akc-1UJqdI,1134.443245513107,1.0
cmVzqUkJPGQ,201.93747804928466,1.0
LDOdcsh435Q,33.1683737475532,1.2321527248247324
wVckRJvuBQY,68.86630794390128,1.8976235207996657
RJ27ERXyv3o,1483.1535739329875,1.0
XwEzOaivNQ4,606.1642531345138,1.2626413342768494
25psaDxHVfg,1.499168536530572,1.7284913208636146
Be47sJRDyRU,251.0607392501057,1.0
McKfSoya2zM,156.2608790284348,1.0
Xyp3quVjUe0,349.8314196639275,1.0
9wNnlHCSCG0,2714.580100839304,1.0
ocNttZV4G_0,470.58501130728257,3.12872641227496
awv1U59MDxs,0.0,9.116623891182211
HGKBHNbLoSI,56.573439395412436,1.1117321782731604
bhy-NvXt0-U,97.39234544875299,1.0
CkAtF1yBXMU,5.068937374701851,2.6396227857477474
SOZEVf8UNIA,709.8701335922383,1.158500798814506
H2kYEpJNG70,1438.7785459400213,1.0
41rwBgrWmUs,33.68778369772292,2.692136139977756
yE8OUriWLnc,0.0,3.996836481843253
vhVRaTQ0rlE,1299.5193525989755,1.0
dduc8AoIuG0,70.42168376487221,1.56159597670056
0lv3JfhCX9s,17.445098979472018,2.348367798572881
ZVGsb5kjXlQ,3421.0078830069465,1.0
aM7aW0G58CI,1009.2660113098209,1.0
ywDn8ra4YP8,20.81484897357269,1.6531021095582896
oUTXNigXBYA,38.28795773266373,2.9854852232853917
JMUucCp4u7o,1341.7987369899993,1.0
qzWIs1zNx2U,16.790240988837844,3.602764114108084
P7lCbzHGnBQ,331.7642599994083,2.52858224521911
sohgGpXeHmc,359.5088684181161,1.0
YQqt5_qlwvw,0.0,3.2978875143440525
MT3TAGuDioQ,29.202343001707646,2.8408779307205534
591AH6Mm28I,137.62178342187465,1.3879117910434433
8xc4K5UDDZs,28.299716542048973,2.4779958520295438
jCSfe5OKb1U,13.00177617037661,1.0
ggEKsLRR32Q,480.8947938633968,1.6994131440756564
fLH1ERvBuj8,202.53110527504452,1.0
9-neo07Rrbg,916.4707050259921,1.0
npZF5gJHhZM,678.4311289791972,1.0
oww-4wdrvgI,55.72424711421167,8.478469907409604
v7xOPA0Z79M,80.47600448739894,1.2892062862052238
AaO4Bv6Rzb0,229.74227406982044,1.080923457704002
imo0e0G8aF4,7.278960689871457,8.047155246788023
RxW6OIE4CYU,0.5993957311262003,1.000000000818339
QM0VyoVsCYg,533.3838223947394,1.0
nciqkO1T4g0,201.50978890312774,1.417281497886302
6M92H8oTH64,92.16051773556624,1.0
hF0GdTviRj0,3.5823492256845837,1.0000000000313196
cf_Y1sNlPzk,235.93448019587532,1.0
esK9TkuEQc0,4886.358898384777,1.0
xVODovYiBcY,259.84909905989554,1.488574961672815
4FEM9_6OX18,228.95597920313574,1.0
BCVK7LdI4ao,597.9750021816767,1.0
w-n3qiLeVqg,928.093948180627,1.2812334421056308
PTrwyY4Sc2k,97.9331671817127,1.1424585853958786
EWOWQw-KOS0,8.336127971834879,1.0
A-t6YvWyiMU,92.8283487665516,3.465916151924769
r-D9jvLobI4,248.1206668364432,1.5803167054521237
jLUZ4uJlkvQ,105.39650732464048,1.7905176289245903
R1FO9MqWugY,1653.8995093525327,1.3020956995265707
T6eUV76nxCc,52.01929158708566,4.387608163056492
GF_zZ4SVHDU,7.084917801201295,4.891440226993459
fJudyi6k_Yo,9.208306876582249,1.4945579213913138
Y4NtHpa5gbw,60.109491200042946,1.0
sqJnzBHURvs,313.2534028401398,1.3684518788363373
Yk_nDnQZ_KM,207.62330557544274,2.3529666891933028
Hg6NHuHbaqk,448.43700299246336,1.46944879847994
du94GxXjBuY,2104.8958109731916,1.445877681493264
Jf0QkjIQaqg,5.265109646926063,1.2178448584380979
ooNgZeII_YE,3.3961125253220468,2.227812517417526
rVlf1-_o8X4,723.5366608741909,15.340750850578486
IYGdeiy0jEw,463.4756854480853,1.0
qNfucKAftB0,0.014632131143552192,1.0
_BJavgcR1N8,27.18139427119251,1.3768858788314715
tFhy72RR74o,32.98719624185056,1.2399300419442427
Y9P_-eC76lk,1401.064656155162,1.3946526792096872
iwMzZtU5H7I,1550.2830081697969,2.5018815862859984
cgXVGT9Qvw8,933.7467966883966,1.0627550846373712
I5a5Yo4_eLM,254.18945255273567,1.9317049015501184
mqpNm_7TEQE,216.0659382778888,2.230147710172465
5RJiLb7jmGY,9.035039809189739e-10,2.114680022190824
EFkIG5do34I,297.1055440405602,1.338291961931785
QLr2NjnF0dk,671.318436372047,1.0
njXZUH5hv0w,3022.07608988028,1.7399939684763406
M0g-oOkSPZI,235.16470117086928,1.0
ObTx_SIdd5g,79.38641227536324,3.7607445548154175
RGMo-pwNJrM,810.1758347228434,1.0
yT9bit2-1pg,962.0991259418495,1.0
T5GEEAzk3no,86.22459423499767,1.4591014712662913
m7XHZy_yBoU,455.3582469172736,1.3148180972445036
8tm7vcrySwY,32.326387900107264,4.58484749179347
3dYzr599s9Y,232.60560212041,1.959492984822778
6GAi4jiZQB4,47.642132843546335,1.885162453847712
fy7ZYo4dXt8,278.40205949570316,1.5840303386284447
q3fhrQ1lctQ,450.3682208558735,1.0
wiUHX2XY3hs,95.78489748307483,11.352586335125242
lpskBk0fp4o,8.244186488480313,1.0
Y2Se5lvjbCI,0.0,1.6928645605247608
tqlZcttOcxI,1218.4393340140066,1.0000000000000002
kUu46J_OHQ4,557.1819347468853,1.3927262371219111
poFDm0WRqUo,0.0,1.88136177433831
LLm9WRJ3s1k,575.6355647847759,1.574215177234564
SZgK2PLxngs,581.8352988591457,1.2597207217016289
ssywKrybUVo,692.3870721617018,1.0
iW3K42zFa7U,73.51500448047699,1.975622520752193
oHIYbKpJJ3Y,39.79148616446565,2.0763632727107706
1nNjuo2T3Kg,124.45433978904511,1.2991706010862047
-_ULSIqdVEQ,694.48044049098,1.306736267867202
Miw02tUR1MM,205.0044226438953,1.1087959002213974
Cf5w6LGrMk0,656.3023926620017,1.19854456472101
aFrfV-y_VC8,0.0,3.369964620548882
X-8lqOHsjB0,82.91749542967429,6.032551331799001
Z-dU1kk3X9U,21.075541245503526,1.0
xN0cx_WE4wk,0.2840171494110852,1.8655882645671056
WMzp8D0hKYE,227.47758913211476,1.0
4jfr2I2utGI,202.4211280378869,1.0696837314020031
v7sQ-7jVXUs,8.568810705354286,1.0
aP_9cRUzqMw,366.75206759828745,2.300347888762705
POZCF9t9FUI,243.3901262066668,1.0
o8DhmEunckg,591.9228389092355,1.4662713135371868
mZnXyNIIyjs,145.5146606915397,2.1532699523215024
QANvgecGAiE,279.2552638580924,1.073173941506607
WULYEegtTGc,224.69817909536044,7.42100344265989e+44
HxMqDME1AmA,1.3868394731511173,7.160153916963594
NcGTg5FME8I,138.62896208399283,1.4370964913839461
aq4n-X5Kvsw,555.1467089343042,1.0
VVMFCgx6UQA,158.5986582472621,4.9507713436762755
xM-5d4OoNIs,548.9908064279315,1.0
qg747-Q5FwY,276.21540226501577,2.4886859916796578
wWNKvZj1WLk,285.32986803324167,1.5056014977326577
eDrnyhEBGGE,16.409917948483812,2.3426169574980276
YJRxkAOIv9E,558.7794402605275,9.693321952227484
kGPRhzz--eY,63.65814629805023,1.0000000001308138
ych3UDIwX7Y,0.0,2.9016517955893435
KE-urLVdI-8,22.107880670521762,2.74086389118992
uWLjiA-_l4g,165.23411423998394,1.0551895753945777
iBXz4lgyO4A,744.3306870671107,1.1913509272898433
H8LYhA3C0Rw,1100.4072689320653,1.3784474267733289
Naihe2MR3Yk,1239.97293256775,1.0
Pp-sr5LNA50,174.4666198932978,1.30323738542414
IdlwflV8_m0,975.3100977108606,1.00000000000001
vbkQwEzBYUs,326.8621460479171,1.4156309275841823
9xEu1PFAnTQ,649.5265020154025,1.0
Ny7BFnDI9Aw,244.65595827425668,2.3468607851160215
uZnBbYj4ER8,29.797536111155328,3.784162596303301
JRbiWM7SKRs,28.064332922916677,4.559463090101515
hdAxX5It84w,39.78242977629559,2.0268525071284493
lIdfulZ1c5c,48.88699358178738,2.6849064081850447
3qIGGO9BRAE,320.66078903224945,2.5933821949664604
7wkGqXxUDQQ,0.0,2.1301459139013166
tE9jiPyLYZA,166.69203513427473,1.3914827106526337
qqy-AamHRHs,80.40216648904827,1.3025267162391219
ZX-XcFXAYvE,11.229356895763472,1.723942771014327
7dmgbXmF7yo,32.25302000869986,1.0000000000014375
M_55GH4uBtw,185.50496894393342,1.8528727015353268
M1NXoULi9qs,520.283973966462,1.0
HyXOThOtJ_M,197.00614441961687,5.5648200759256
AwUCYzEMJYA,386.1203551418503,1.2780888240181834
n10pSFUJ4RA,13.66898801421058,1.887018528712553
FNwntidO_YM,8.394521328717346,1.5653309530244357
ne9gZzjSlFs,58.12902008403825,1.4801389274442796
67zCG-KPWfQ,585.2277531773614,1.6299987881410456
w2l3UiIQY8g,363.7118317487168,1.0
267w2rSnB-Y,56.406406162826805,1.3288062695364036
lFCboebRdws,84.35601191151012,1.4708272558083637
Tc0uf0W7VV0,0.0,2.209446378706458
ISgezhPA-Dc,4.602724897192241,1.0000000006331606
fX4uX-1dGrQ,0.0,3.2864873042274168
8j223D5FQ8U,0.0,1.5611219243046723
SgZON_iD5HM,68.75688407384443,1.0000000000000002
pfTvvLObtSc,344.4153543307081,2.2167713155611257
u22eDU4NXFM,103.44921515027637,1.0000000000051055
FrWZ9g1FS2A,0.0,7.5599187243185595
Rnx9edMGQIw,162.27884000806793,3.819848599772932
HUqAoIeDW10,289.4787499465334,1.0
xXB9Xhh_01I,277.4379552663162,1.9252008630069952
7kXnB8Tz4FM,0.0,1.4036614007591888
z0m4xdleNm4,0.0,2.137073932303667
e3vmUNi0yhs,396.30709317918956,1.107565088984712
ZCV3zPXrygg,864.4227643370759,1.4049366605134692
-jeiPKh7jEA,0.0,4.537731371556825
nZtpLKCoUWg,1056.2396690593341,1.0
jUg0_hSyAEQ,538.2948901370073,1.2117835690541197
OQXQsAmfYQw,11.626841447143182,1.0
7oftlLtJ2NQ,207.61164051471098,2.0867921892096684
EnqwhrH4ju8,153.16442503848555,1.3252991052257668
4HF-GScJUAo,232.04217149297776,3.0266977367380425
owcUci6Z18w,16.345153858451237,6.538748413768131
aQHXH4feWZU,32.92653431956757,1.9547060798662255
wZKZ6hpCQqo,132.0687473207342,50154763408.382034
2OA-3IOsVDE,103.53236127119845,1.2904384729091405
crvfiUTaC70,61.340534636276566,1.4158493034253874
inAtXDwUt18,879.5470954721275,1.0
D5E7BBPvd-g,78.69740094827061,1.0000000000000482
WtYy5tCD9Jg,355.1734870104904,1.2042716347879678
HLtp13Rw8Kc,0.0,2.8042422542718475
5ktwVlaEVlU,213.11500816527757,1.0
smnvJGzOkhU,1839.4227258942558,1.5259000859531253
J6tuTDEsSmk,6.756349846538992,1.8401006985690846
j9xH6LVJyBc,415.27985198090687,1.7888040256150621
MXrVu1QaMDA,1130.6054063290198,1.0
2rXx_adjP9I,673.1814905402796,1.0
Ysi5IqlIVoE,25.832373616792758,29.46756836717272
tCFHkwDCTaM,0.0,1.4545833792638427
noeHv71g9ls,54.35758591280407,1.3913635985148765
XVg75MjPRuw,58.78391423556242,1.0
v-H68yzd_eg,126.12324206182105,1.1428034844040509
9wEc6JUDSv8,100.23493668299209,1.2022892621282755
Is4YhlDNJnk,488.9687523481931,1.0635876877359784
vW2moFk074Q,12.063071627865192,1.0
kqrIWIQE2hU,127.40369595855343,1.0
RAk6w5JFis8,332.83943824882846,1.0
sd7OHgHvcvs,157.22574501374731,1.0
UOmXC1u2_TE,30.934861932735295,19.013167905197896
BqXWhG6IZ50,468.87164774469824,1.9375622630682143
7dwCuWj14_c,90.014491672818,1.2554503832196255
WZmIrVIPiVI,892.4110354290638,1.2838851899095316
6jVWdtI6_wg,1019.720181274547,1.0
XXrfO89R78s,229.63696488749864,1.6102589945258021
D3QFgzxcRk8,31.548792006348478,1.223619891842832
ixk9vkAqjHQ,30.27311909637754,1.0
Gx9CqZpsdxo,22.207753632893375,1.0
pxNJghaEV3o,0.987626185365309,2.357368582812765
GodHZOO61R8,73.62093633530326,1.153007101599513
rYPMbLO4pAY,1244.482197753945,6.7815044523976145
9v67t3IPxtg,3.315717607031112,1.000000000000151
n3uhxLostrQ,76.92203775493873,1.22745521680431
xnVOhGt1bQ8,5.471178833184523,2.3667398963304676
Rn4E42T9P54,187.84590371507545,1.0
DwS-Ldoki7s,1502.507044511807,1.0000000000003006
5-UAyVB6i70,0.0,3.455507465822947
Saqo9FGvVlc,239.6753059502188,1.0
0oRzkRLBfQg,95.70362362586471,1.0
vVFhC4kuYDU,50.4929497771334,1.0
rpy8B4Jc1hc,203.40575341668497,1.0542431586161287
NjVd4pyk6OY,27.042446069050836,1.0
DxQMXPXi54Q,6.60321131225365,1.0000000000009386
_hq-wChVodk,746.2875523797974,1.46456385989408
xrmgazEMvKU,0.0,1.5433961168867583
i2o3Kk2iB5s,231.70648765076726,1.1164099762224806
19Cb4DOnIF4,344.29046120633615,1.0
3qwwBnioLdc,377.51592038545687,1.0
dyd9zfVaTW4,160.87953834420196,1.0
O2l-h3LdPig,112.64779323199706,1.0
nEoH9Lo8tQs,19.965838597111436,1.0
99oVfKqclGM,17.269905535548123,2.379600796018918
11g-E__toWQ,32.37953900778253,5.0027276501334
SRYmgMvq-dI,33.27363359374997,1.0
3OddPn5P1es,329.47632780610456,1.1202160638840726
q-mufjTSCzs,0.0,4.0358075194424075
M51YPwRgOGc,627.2193576275263,1.0573065482984498
-BYIemMzWQQ,161.39970699246427,1.3623497038052004
6CAN-VbxNO0,110.10053664381347,1.098307265026429
LfYiuv4Dlbo,95.55227199803345,1.2563772896233487
wRkq3_DYj_o,4.558765562859547,1.0000000000000242
wnW684i7RUY,51.05221216439383,1.7383397509066156
EQ0XjFzWTFc,47.95721315513041,1.620202193410711
6r3NDSUZkhM,507.70155039221896,2.1439534350109235
hP_3L8CcFQ8,269.1289290555462,1.0
_J71Bfjc0wc,48.86718477361728,1.133118298400354
YrztudnzSaE,240.508453471316,2.3678853771723327
_Ay9rI5LN5o,198.58807689636794,2.6027941354104507
--bIeUkeWRM,8538.141211371978,1.0
DbwcXDunxA8,10.05595550245253,7.101326895183527
Xn4CR-KS8EM,46.83120933528117,1.962537041190687
B63d9Bq3kAk,15.544032786116272,1.0000000000003175
Obf3uHXqT2c,289.24594818885623,1.2210467004338055
xrwNrYsHohk,76.7444158802784,1.5945274964440912
HRUCAr4AFuk,20.56522303499263,1.0
xHbSbtzPXtU,319.69993809153897,2.182499427614945
VpVuhJyd4uA,0.0,3.5756672327510204
iPxATWWF6AQ,3.663237830377021,1.6090108274138737
GbWjPvhKW9M,256.93987463155486,3.2235903706979507
wayFC5560lw,226.00010438523583,1.218495150607875
YCwbAi-CfY8,21.37469451360274,15.101666486605927
z5gcbT-lxWg,123.54203460550102,1.4703612037028895
_Gv3xPifTEE,0.2871460911949238,2.557880272263587
u9tqV-OEzg4,59.397696733250854,1.0
4XmA6ZVLHww,602.0295405070318,1.4078732870955706
a2BtaHi16jY,1.8165072163967442,1.0
qzUucP-WVsM,262.4576084542227,2.7778776832613867
MWeKGFaK0Z8,0.0,1.0
gb5L-hiyNr4,211.34142558238435,1.0
3lZXOIb2o9o,58.383525478277896,1.0
_YLByI6m8pk,173.9982414967018,1.0
RGc95PIFAh4,0.0,1.8513904356040773
FYewf5IyobQ,142.25671671917615,1.8253297724182795
FEhC4AByODE,104.58127731463712,2.0518148720662874
5QFMkswThtg,321.6371150242126,1.0566171418171333
xiJVsPlZ3yw,104.6867251568083,1.3668121609107042
dHyi4d4VQvg,630.4236235947999,1.0
yLOKnHfwb1k,0.0,3.53151533345742
NWsaNwr6JTE,337.3057892240072,1.0
dM_0x9nplb0,2.6692865562745935,1.1194451602341373
tLDf6mBgCAo,174.7286930601437,1.0968244991737774
pN2s9w2ELoE,40.398831597071286,1.7013472266620362
rEd_YCk0uQk,262.1343115508634,2.9193898610207745
VGbEazR6398,780.8405671753376,1.0
j2_S3KIV9aA,62.13856257243532,3.7008962637607024
c2C07npNGug,69.13262498396274,4.2759718774064055
1E7C4GFh21o,109.32287524631634,4.830760044435256
dLZfkM8Da8M,199.30430227864554,1.2145641260700775
e6PjzCpmmGk,183.50552028634314,1.650060664143537
ti1Tob5Ceh8,121.81012500667171,1.9771814754789694
8syCfiMtj1o,183.79586161438593,1.3509590624685295
3olqTASElZs,8.061323801980143,8.265610465243366
FlqiJvcDo8c,0.2770050869346871,1.2354906871678213
ivJyBYCDPSo,127.10539693781362,1.6672673647698248
2EgAnLehPO0,398.1833182436674,1.0946228834037106
jOKEQmcYu28,0.0,1.2989308139851026
7CLxf8NIDjc,22.965634107363876,1.3770229691326437
qa15gYEFHas,91.8251590585759,1.24375520339443
tRqAbLu8KYU,424.40382426117435,2.347172912671435
jr8f0IZJxUc,62.75702790526548,1.5360670269004741
7lJ66-1meWg,124.1508695641495,1.5739878895941788
0F-70rBorFs,1949.1933600611637,3.5302405737532694
8pY-DnHs2QE,655.2511515306103,1.0000000000000036
xzGEyn4RhD8,347.8116284634383,1.1850737245370677
oZ3Yz1m0xi0,24.153562816750647,1.5777122729088084
bkTGeVQM11k,465.6065570649033,4.180938770823758
h7CHd-w02lc,313.3714380389813,2.521096867241119
GGCfNmDYYIE,28.386049455818846,2.1117982175764234
xH59HLUyaH0,14.658092867428323,1.0
_VTRMkjBSSo,807.7655800110717,2.7197838101297394
sCCPlQ7Tv5w,219.25441733524855,2.0497446289112276
6YKu8_TkgZ0,345.8714921342821,1.6685498428744088
r32L6o6XqHQ,154.72029532334358,1.5893303358846702
--gim7W_jQQ,0.0,1.0
hTvOpszn-xY,59.34626666095321,1.572514148447704
FyfDQlBHR8s,770.662687423351,3.915072440437246
9FpOO5D-z8A,107.77043425728999,1.0
wt3qk14U8UI,72.25964857359278,1.3876718487125128
k41i7VR55z4,84.73322894217512,1.240219208256745
Ix3764QIBIc,1076.982530191333,1.067450339080081
lKvJCEdZvxY,561.6727606558364,1.1543177609209005
UfSpWXMubus,22.978743939843337,1.0
t4cHWDTNWBs,0.5952391025535944,3.286539107628331
hKfe-pmN4lI,30.792662419385408,1.1954732786692055
hZnEmIcIasA,35.26467472491632,1.0000000000000009
dlN9plBx6Ho,33.57684757975214,2.8391097971876174
Y3_72kSnevM,989.5815999150858,1.1414472463624625
gBQq45_P2B0,21.697633755543837,1.6659887063766323
G0CENR2rMZ4,3117.445024578359,1.3662312042001796
2y_D-Pe0pww,463.82838284673664,1.0
-7LCHtjqXoY,24.042944702674802,2.164526851963166
6j0Hw3pepLo,0.6635103741940237,1.0
hr8tGMCwJ_c,62.35963707340507,1.658335302250204
zE7CDMJMdqU,325.13305559984207,1.0
23aZP8PgEeI,25.04011312490992,1.0
eB7aU1z0r14,55.50211211834853,1.9344867007999091
U6-pJkHFHaE,0.0,1.626057877115802
0fh_mO24MP8,79.66181709305401,2.6051828052089867
Eoz2WjiskHs,268.03321502546345,1.0
8X7MbdlyWTQ,0.0,3.1034168782360134
tK_aNl0ZN6s,106.91217226619999,1.0
LhtyzR7KoeE,160.0878328862227,1.0
NGoOVpA-pQM,471.0919006237757,1.0346919080018349
F7WCQpuNPSk,367.72772896468905,1.0
zw--THAPQUw,95.50560125191447,1.4497525648599048
usQcN80A2PE,220.5220062607966,1.0
pQYZ-bMpoXU,222.65639266066327,1.0849174716686598
bzk6ymAwIU8,1158.583750535581,1.188061950211515
o6tH4zzqrgA,296.4929724859454,1.1970589390583581
bcNRyroul7E,0.0,2.2521055556506586
yhAZcTlEHoc,1408.083671633705,1.0264879249492582
zw3b2z-O6AQ,0.0,1.3105052111739888
Iqc4BrAzDio,299.20580683005204,1.0
eG3ZvamYq7Y,95.59734091218773,1.0
7jGgYM2_Zdk,1026.385161548051,2.2320823084576373
oJfbKj1vYsQ,181.72127797576587,1.2091258286881332
4CYMAGU466g,1.1384233436536886,1.0
WYhISkwJFVg,153.20383759042193,1.5149625500311812
aVVERxA-mP4,46.348956974079464,1.0
XgDMprmVqfw,0.0,4.867616369646328
lLgc2zFoVmE,94.04758671696469,2.2917306772046078
ZvBXKX-Q8K8,0.23475056839060213,2.4921678606022164
dCUSWEyA1fQ,4.481778838833685,1.4133394076003143
hJRdRhsuNok,2.20184659890036e-08,30.88577771823319
blmLVnnhNk4,72.75097632443712,1.4014405896157385
BAI_AiF-3hc,744.7782098469368,1.3257058939353246
FN26OfogDgs,776.775240032469,1.0000000000000058
e8nTVdlO7O0,16.990345461901025,1.0
6hnEp3gJBrk,125.4963853961595,1.505595001070367
tWMI7U-ZrVI,348.15941149942637,1.00000000000025
HOIq7cagaN8,469.63440405444055,1.7579575054694057
x-sXdDTVauY,846.051793560662,1.2621570947071172
wQDTDbFmPHg,332.9167469858325,1.4028372848351962
kQuaBvOlH3E,164.3505725114188,1.0
EhjgKXtEhDo,301.30442041223023,1.2503763687321783
EFf8wWejqeY,53.937583749936664,2.4403738782374966
007CTzTzZjg,236.4561997282199,1.27879025966651
-_PwEBopMFY,361.4360200966248,1.1297679993569985
qs0dAh4kjI4,563.2612575606424,2.2726811335015022
xIrXm3rcvdg,690.5647628549708,1.0770548251908774
9SrFatWFmZQ,466.5256241009943,1.0659356947548306
VqcKDtUDMXI,346.87441157346154,3.208184225821284
I3HzMAKCb_k,103.96233064697783,1.294110555933768
oQ_MlXUf4po,1748.731926152842,1.0
nbyz4hFblQE,0.0,1.491386694695369
iYx0g7XvfqE,142.44706253353775,4.5010512732187085
TIoqoU3Hhzg,129.29657364284415,1.632547032602147
qdhARCNSBzA,350.08865316262603,1.1242293071282055
Kwi-76l4lHM,4.390756746480138,1.6760980642576475
OxXJubB2cPQ,13.152624668361376,1.0
WJfwrnRuweY,246.917060460908,1.7530073689572994
hVaFCqvoUpQ,612.1858292471105,1.0811896249015935
tzcwxQphQ4g,2266.086276011973,1.0106059397828686
cQIo22UL6yg,33.577641790007846,1.5143469222559784
jXasif5BGNY,41.06990358743942,1.992189048635426
50EwuV1oKMA,95.4628501300977,1.985381565989372
1xfz9cP3-Xg,941.0896220455622,1.0985139950715932
mKi2AOPBavU,72.86544845718633,1.3828050543822668
AysC6XDz8ho,1.7825235540972253,1.9590011921902468
z8uduomLQjc,265.85932036529556,1.0
Fh7MK7nhxsg,6102.6564223656815,1.0
dQdQ_1qMSfA,348.33372201164747,1.402543200510527
kxOFGhP-Kqk,1478.9518440549941,1.0
msY25ynGTuo,30.427592932715676,1.4540302671849816
GAGh3USykUA,1228.7017924067948,1.4632690461946036
6ljTRRVuUjM,35.729192641820894,7.986136909527483
puJ-arJgkZU,771.1660831185699,2.0735205892393505
ygr_u6ys9YQ,450.379760827269,1.0
PzKCS8Ygm1Y,399.3793255123031,1.3616759553172508
E3NRgxhKqM8,582.9023046664364,1.097520270033845
qm1Pd7bctaU,3931.0450606647723,3.753115194387706
S0QAT4grJYM,29.166481175368627,1.3224916828984965
BPwWlQBAu4I,0.0,3.15760608382475
z1eOh_AjPxQ,163.15535465502214,1.1104392282725501
Ewxba5-vdhA,90.99585311042006,1.0
B8osZPDxymk,726.6845444670735,1.0000000000000393
CN5rCroe78c,0.0,8.162360442185074
B5t5e5HWO50,46.3022438762436,2.0043440501241405
snckl5xwJwA,203.08942441925103,2.4681655157542934
29Ppwmtwhg4,202.29361320252295,1.219423958583493
xfsG7Xwqsvk,0.0,2.0606321585763614
QUujojDgUdw,370.78770849945147,4.639333403524377
GnO5hrH31lk,213.58161039618213,1.0
D_VZzuOjsLo,639.1415964262499,1.2286493423824576
6d_gqaonCJc,281.49526450299436,1.5820468752986934
2wEUMl0Z_rw,23.24802425916379,1.0000000000366944
kvX1BrUrnMg,60.6728379883073,1.1842610720062487
9pMuEdXx1ZY,692.6655129949897,1.077730624694937
JWDwiFuOjMI,24.691733455900188,1.3348495507723575
I6HXpSvEzB0,80.15266643233919,1.3557557629472048
LUOODp8PQac,53.83973359590611,1.6888986758005715
G-ZMc3DcDrA,468.3437446488355,1.7230080127069272
zzKFR5aWTKo,3980.864803881905,1.0
557g6dJosd4,2329.880537065398,1.2020559512380087
-YZgE_TnrBA,900.5581099485282,1.0
1KEe_615yUE,64.19597254043386,1.13742485318018
xKqjnkjck3E,594.6348101335445,1.0
JbsL-0C7V38,37.22189463865194,1.0
uoRZaYU_Sm4,1458.2339528288694,1.0
XYEYONrBZII,214.29650124119428,3.8480010811402194
QK-qUYDCypQ,727.2321237457979,1.1255237329182763
oLw-VXtefRc,665.1264223110313,1.252353052044956
KuowNvXp9tk,13.073110560402204,1.3511717192469481
HAeAxbyKczw,69.27759090777771,4.233537943529986
I3KZRa-ww0M,229.7136852107367,1.0
UDjKF-ovH90,214.1484679043634,1.0
Z8-jR6jGBGE,0.0,1.544389001589904
OvsXNJhVmUE,243.90925502658072,1.2211154556760204
7-r8LJgpsLk,44.81805758127457,1.5159214987197485
mbDu29xHfMM,57.269409181353346,1.3668629405597332
g4Mxi87_bPA,157.70014924645562,1.5166905478551858
N1YX0rpiwPA,1.918968620299528,2.1843647740575864
_FhcJTqJm98,52.1897230294869,1.9378967399291762
SNKbAwuqSOo,35.28969198924966,17.794613012526483
v-Plzx73K68,2742.110315226279,1.0802928561259193
9oluiFEu70w,3.2857421993379186,1.8715855558925687
mg3i6-J6zI8,0.0,9.528652806141464
uPOuHJJILsw,531.0031766302576,1.0
GBD28TFL2eA,1.671405873056894,1.6379741480253542
4HN8zCSqra4,84.74630818279181,1.2115037001240805
s5J3t2QEcSo,163.9787771330812,5.861303855602935
E3o4zmCuLtk,293.1681933950449,1.434765029460002
DOcoq9Dsm48,57.21701048010811,2.76915190598534
11HP3R0gLyw,102.76331488879299,1.1371225142125028
3ZZ75vUgWro,16.61102738535157,1.0
8UGQtqQ8wXU,12.795414755199547,2.3207262203875785
BNbtuC4oRG8,19.03446880925461,2.9724151211612035
lwgi4O61NQ8,0.0,2.3099987500733623
P50DdloHPeI,331.57786656364783,1.0
a-xPY14zE3A,440.72267366835945,2.3829180990407943
0x7B-LvlKF8,103.12085278558962,1.1881043058579814
2qG0J-vzxTM,3.677232024710474,2.093027242752193
WLUagMRXzx0,0.0,8.110130254915575
EZyllv1eme8,555.528212128415,1.6833954582962367
DrFMTmGAmLU,113.89191551141968,1.1041184286893078
ME1VYnj3FpM,82.92034055939591,1.644151916928559
vhWO3kYXsrI,0.0,2.6251125131599085
KjI1N2NbXmU,2.851184240673875,5.135543736770443
jTOS_taCd5U,9.143042597251853,1.0
dK29TiunzsI,368.7812204783309,1.0
TaNxfftD_CM,74.657365522572,1.981668096431115
ovfZVT1p11g,80.61631131673478,1.0
lnY4jhgypTU,88.21456028629032,1.8020597620131735
y1mXjsbmr3c,223.06010526216826,1.0
BrCa7M63q1I,381.5597199426075,3.3642066556794905
E5sfM4NII0s,65.04859809950534,1.0000000001140619
gAHHtVUIHtE,28.775142535295483,1.000000000000001
czzeJ2Ho9t4,16.864418349650528,1.4496787853698374
L-D8wEFa3r0,36.759750470166715,1.0493745794748752
My99imFzeWw,446.87843758808276,2.469314153717945
_jxBjhddVog,21.41072937219939,1.0
35MfS3HXPOI,7.749719928659358,2.345907224204024
n0N85TctUJA,809.9327197287038,1.0
m8hsZAaZMj4,164.83836748237798,1.2681096815513153
LvMasH82F4k,0.0,1.6356326175675147
IkpiURZY8Ek,1117.4439866382966,1.0942196766740793
FVgKSP1K6J8,279.62633153160243,1.6579374496852737
CxKyRGV47Ko,66.88857675430135,1.9618318586291463
buWC8f88uL4,0.40748188771567767,3.503559713965014
x-9k01PSHR0,12.196663815278221,1.0
3a7R1H9ETOE,79.3898926681634,1.4786407807783755
jPtXFUpQfZQ,255.6007368298286,1.448264685811812
YQIWOl5SDM0,413.0087268252568,1.0785144296346338
NaKxBrtBj8A,0.0,1.1317279038525954
jQG3rxQHACY,964.973680869822,1.0
1zkYGvoqRKg,394.5398569226212,1.257631666344662
CMQWJDVg8PA,0.0,1.6183509389904829
Lb_edXP49ko,248.2691853916855,1.5772141755546616
EsLyO6y1pO8,21.650681648364927,1.972950023961841
5YUdtQd-Oj4,563.146558255499,1.450683660864086
73KkLu2X6SI,1.1677018767029343,1.718459593806302
6s3S2Q5W-A4,3.678369009890413,1.247327950729931
5iZvLydoUcQ,127.75600037862002,2.3849005392288243
lpRiFltsrgc,197.62225892353786,1.0
rWxvyZJ8JQA,49.89826126094199,1.4241426915671858
n2KTmbCqq3U,294.7280647251875,1.233253268926443
7BQiiKwc-mg,92.53607967296767,1.9772761348906647
JbX5zt9bgOo,131.2553399212495,5.6717031744275435
RniwPkAfL9A,506.9728945003688,1.1103030964814629
i1spwKCbgiE,147.31308407513657,1.2870931067236255
RVoXgnZ3V7k,75.33940460908887,1.2816205590220608
PT9e5Fw9Wi0,496.0974008891922,1.4352545234536567
ogZ5F-quKS4,86.97753141368585,1.1213274039155072
f8Ej3RVz-Bk,2093.2229801481994,1.2313515740546743
thzB8UkWOrI,421.37374378590766,1.0
KtbUIRPiSv8,870.8209621736671,1.0
Rpdgs52IOLU,1297.2518862106426,1.1961790369531162
R4i61_12SGY,0.0,2.3252795124549404
eLTCo8EUk00,12.893653334043528,1.2870040665637414
9c0mayzby1E,108.84992267066926,1.8944149854884569
KpmWo8f7y2c,497.56145486148614,1.0
gxwe16H2g9U,0.0,1.4250212326751173
hWLRAPm59YM,623.1059721347135,1.0
nr3epiItYz8,725.0023885259599,1.0
p8nqJvVEEQI,547.2405990992473,1.0000000000000007
BTlGVEk0kZ4,61.447872411112776,1.1561357491039161
sqso3A360gs,137.74231915910607,1.7086009153081214
qn0L7ryiws4,1187.3793721490822,1.0
fNOpvnum6p8,335.7207019345893,1.0
3Eq0ZZqTV-A,157.63916150148134,1.3961854963029119
C6DoCe-H_Vw,181.07726792789524,1.0
CQSPMBeVykU,21.889840288762837,4.493521251002464
DUSKgLUL9Ho,0.0,1.6524081767594812
n062B5gurp0,220.7186539189894,1.368620281822575
i81rShEBUDM,94.03996242460278,1.0
jIxk9LjQuQ8,39.522097482779834,1.0
QoPpTFWxboc,60.56038119923069,2.6704393592538223
tWXHpCFC8Kk,51.354098124013106,1.2307761867979325
FkRCFogDmGU,372.7292094179696,1.8112088720829422
1Fsw_nujLLI,141.0844780479562,2.1536201217628177
W1rh05OzTfU,551.5046266496141,1.2977311109540035
Cv_6e3IjYqk,990.8577259194119,1.1693300038201113
tC_QL_YqBvs,18.029537157513246,4.275643653810519
W-GP0YwWgtc,0.0,1.9491070328782496
DFEm2pter5E,313.0617699232257,1.0
PJl4kfAKn60,304.47908024993285,1.1302619110297718
XsxWeUYgMik,616.5992765381603,1.226423569620309
krpIlSie7kk,26.554076212172223,1.0
OiX89-7Db4c,731.7367513713881,1.0
_lO1U2inKj4,935.5704472091423,1.08789199760141
_1sTOG_bItA,202.54180872025063,1.5805398138001996
WrVHnllJ0H4,0.0,1.5380206740420188
ufflKZp18j8,1.6690261494355259,1.2955904635647355
C4OhglzWbjY,42.294727839810896,1.2479842980328801
0HGzUbpf1rI,0.0,1.0
7Ff6qTesvU4,475.65660447418657,1.5218015006442442
YD2wFnl1CyY,0.0,1.597205440961643
wijTmi4rQ2g,67.22493730135288,1.3928533973973678
mO9i_yeQdjk,318.12589450981716,1.0
Zmjrm_eedPw,23.523613925922877,1.0
NhRpMjqq_hw,887.6401568232815,1.0507338556731363
6DMf0K6Eg9Q,167.08737366752152,5.172580987629408
vvNdExX-KM0,0.0,1.0
wneKyNK7jAU,311.2470778112122,1.3848078693157464
oVFQtfubbM4,0.0,2.552214054978541
LinG32vnqqk,352.033498276429,1.4718943342805038
okjfw1yFk7Q,143.8342679156839,1.1978086784991007
axm1cGCiTPE,187.53701019399782,1.0
GWnQYylh1LY,97.98098241244583,1.2413477166988345
lZZ08icGvlQ,418.7800000365724,1.303437414307414
dq2DR7W0r3w,96.29956616078768,1.2239795095072854
kU_62pegb0c,415.3799674648519,2.4245607969070164
xKsna9hzRhI,0.0,1.678247558330896
qom5M1Vxxwc,212.3292925653958,1.1367067485447047
ca5MeV3xwCA,17.571715869450294,1.0
SOAYeI4oqXk,6.956856523242739,1.0
wpCFVM2dgr0,107.62674195699044,1.2077631386030039
eD_UU7Eq3Vo,677.7254233096185,1.000000000000002
AF1F9EG3bcM,370.09891479843003,1.1219245880170658
UHr_7_sLPrM,516.596332698249,1.00251482792787
OyD2GYBMp3s,613.8696292231405,1.4763142990893392
E8YZhNVrnL4,61.16665595658169,1.0
LISdkFWAva4,237.28188761048958,1.1440217353451216
XeVpq-f1C_0,91.23433211042561,14.219257245899216
h-_gDXXcYbE,84.84855134571576,3.906308614704301
l81plqdpnPo,172.28585737307426,7.422059499108014
WcSCvpNfH14,2.235821779316717,1.4082303657356678
R4lJ5gyT4uY,348.1389559438979,2.564630157358604
WU_EYTr58wg,2.906192848223515,1.185250197995214
NcCS2iJVNaM,2.1907403555717964,1.0000000000092513
agnzoDB22Ms,516.5045175571673,1.506097645149949
mZOAwh86wMg,5.121260549928735,1.3540682863520985
9FnmX-lwF0s,65.10960844675175,1.597951266798679
6fGo7KvrCe4,415.432833311547,1.0637306379780986
